DATETIME,PRICE
1996-06-11,920.5
1996-06-12,927
1996-06-13,926.25
1996-06-14,914.25
1996-06-17,909
1996-06-18,921
1996-06-19,923
1996-06-20,923.5
1996-06-21,919.5
1996-06-24,915.75
1996-06-25,919.75
1996-06-26,915
1996-06-27,912
1996-06-28,924
1996-07-01,942
1996-07-02,931.75
1996-07-03,935.75
1996-07-05,928.75
1996-07-08,928.25
1996-07-09,933
1996-07-10,935.5
1996-07-11,947.5
1996-07-12,954.75
1996-07-15,942.75
1996-07-16,930.75
1996-07-17,912.75
1996-07-18,898.75
1996-07-19,894
1996-07-22,882
1996-07-23,887.75
1996-07-24,884.25
1996-07-25,877.25
1996-07-26,876.25
1996-07-29,885.5
1996-07-30,884
1996-07-31,880.5
1996-08-01,886.75
1996-08-02,884.5
1996-08-05,874.5
1996-08-06,872.25
1996-08-07,871
1996-08-08,879.25
1996-08-09,889.25
1996-08-12,901.25
1996-08-13,899.25
1996-08-14,904
1996-08-15,901.75
1996-08-16,893.75
1996-08-19,890.25
1996-08-20,888.5
1996-08-21,892.5
1996-08-22,893.75
1996-08-23,891.75
1996-08-26,900
1996-08-27,901
1996-08-28,895
1996-08-29,896.75
1996-08-30,896
1996-09-03,893.75
1996-09-04,885.75
1996-09-05,887
1996-09-06,884.75
1996-09-09,883
1996-09-10,886.5
1996-09-11,879
1996-09-12,882.25
1996-09-13,873.75
1996-09-16,866.75
1996-09-17,866.75
1996-09-18,867.75
1996-09-19,865.75
1996-09-20,866.5
1996-09-23,865.5
1996-09-24,862.75
1996-09-25,864.5
1996-09-26,858.25
1996-09-27,855.5
1996-09-30,849
1996-10-01,848.25
1996-10-02,845
1996-10-03,844.25
1996-10-04,841.75
1996-10-07,845
1996-10-08,848.75
1996-10-09,846
1996-10-10,842.25
1996-10-11,836
1996-10-14,838.75
1996-10-15,838.75
1996-10-16,835.5
1996-10-17,835.5
1996-10-18,832.5
1996-10-21,831.25
1996-10-22,831.75
1996-10-23,835
1996-10-24,830.25
1996-10-25,827.5
1996-10-28,827.5
1996-10-29,826.75
1996-10-30,822.5
1996-10-31,818.25
1996-11-01,815.25
1996-11-04,814
1996-11-05,810.75
1996-11-06,812.25
1996-11-07,816.75
1996-11-08,819.75
1996-11-11,820.5
1996-11-12,820.25
1996-11-13,824
1996-11-14,823.5
1996-11-15,821.75
1996-11-18,818.25
1996-11-19,817.5
1996-11-20,822.25
1996-11-21,824.75
1996-11-22,824.75
1996-11-25,827
1996-11-26,826.5
1996-11-27,825.75
1996-11-29,823.25
1996-12-02,818
1996-12-03,815.25
1996-12-04,815.5
1996-12-05,819.25
1996-12-06,818.25
1996-12-09,816.75
1996-12-10,816
1996-12-11,816.75
1996-12-12,816.5
1996-12-13,815
1996-12-16,815.75
1996-12-17,817.75
1996-12-18,817
1996-12-19,818.25
1996-12-20,819
1996-12-23,818.75
1996-12-24,819
1996-12-26,819.25
1996-12-27,816.75
1996-12-30,810.5
1996-12-31,810.5
1997-01-02,810.75
1997-01-03,808.75
1997-01-06,809.25
1997-01-07,810.5
1997-01-08,811.5
1997-01-09,810.5
1997-01-10,817.75
1997-01-13,819.5
1997-01-14,823
1997-01-15,826
1997-01-16,825.75
1997-01-17,825.5
1997-01-20,824
1997-01-21,823.25
1997-01-22,822.75
1997-01-23,822.5
1997-01-24,825
1997-01-27,827.25
1997-01-28,827
1997-01-29,827.25
1997-01-30,826
1997-01-31,822.5
1997-02-03,821.75
1997-02-04,822.75
1997-02-05,824.75
1997-02-06,821
1997-02-07,823.25
1997-02-10,824.25
1997-02-11,824.75
1997-02-12,826
1997-02-13,826.75
1997-02-14,826.25
1997-02-18,835
1997-02-19,835.75
1997-02-20,839.25
1997-02-21,844
1997-02-24,841.25
1997-02-25,845.25
1997-02-26,843.5
1997-02-27,846.75
1997-02-28,846.75
1997-03-03,852.75
1997-03-04,853
1997-03-05,850.25
1997-03-06,856
1997-03-07,855.5
1997-03-10,861.25
1997-03-11,857.25
1997-03-12,846
1997-03-13,849.75
1997-03-14,856
1997-03-17,858.25
1997-03-18,852.5
1997-03-19,854.75
1997-03-20,856.25
1997-03-21,851.75
1997-03-24,850.5
1997-03-25,853.75
1997-03-26,856.75
1997-03-27,859.75
1997-03-31,861.5
1997-04-01,864.5
1997-04-02,860
1997-04-03,852.5
1997-04-04,845.75
1997-04-07,852.25
1997-04-08,851
1997-04-09,850.5
1997-04-10,855.25
1997-04-11,851
1997-04-14,855.25
1997-04-15,854.25
1997-04-16,848.75
1997-04-17,848.5
1997-04-18,851.75
1997-04-21,851.25
1997-04-22,852.75
1997-04-23,850
1997-04-24,844.5
1997-04-25,845.25
1997-04-28,841.25
1997-04-29,841.75
1997-04-30,844
1997-05-01,847.5
1997-05-02,843.5
1997-05-05,842
1997-05-06,836.25
1997-05-07,836
1997-05-08,835.25
1997-05-09,838.75
1997-05-12,833.75
1997-05-13,835.25
1997-05-14,834.25
1997-05-15,832.5
1997-05-16,835.25
1997-05-19,835.25
1997-05-20,827
1997-05-21,827.5
1997-05-22,824
1997-05-23,821.25
1997-05-27,815
1997-05-28,820.25
1997-05-29,820
1997-05-30,821.5
1997-06-02,824.75
1997-06-03,828.25
1997-06-04,822
1997-06-05,825
1997-06-06,824.75
1997-06-09,824.75
1997-06-10,822.5
1997-06-11,823.25
1997-06-12,822
1997-06-13,822.25
1997-06-16,819.25
1997-06-17,821
1997-06-18,817.25
1997-06-19,816
1997-06-20,816.25
1997-06-23,811.25
1997-06-24,813.25
1997-06-25,808.5
1997-06-26,805.5
1997-06-27,802.5
1997-06-30,804.25
1997-07-01,799.25
1997-07-02,801
1997-07-03,799.75
1997-07-07,795.5
1997-07-08,796
1997-07-09,803.5
1997-07-10,800.75
1997-07-11,803
1997-07-14,814.75
1997-07-15,822.25
1997-07-16,816.25
1997-07-17,813.5
1997-07-18,818.75
1997-07-21,811.5
1997-07-22,813.75
1997-07-23,813.5
1997-07-24,809.75
1997-07-25,809.5
1997-07-28,816.75
1997-07-29,824.25
1997-07-30,828.5
1997-07-31,831.75
1997-08-01,834.75
1997-08-04,830
1997-08-05,820.75
1997-08-06,825.25
1997-08-07,816.25
1997-08-08,819.75
1997-08-11,816
1997-08-12,828
1997-08-13,828.5
1997-08-14,830.5
1997-08-15,826.25
1997-08-18,827
1997-08-19,829.75
1997-08-20,828.5
1997-08-21,839.25
1997-08-22,838
1997-08-25,837.5
1997-08-26,829
1997-08-27,833.25
1997-08-28,830.5
1997-08-29,830.5
1997-09-02,833.5
1997-09-03,833
1997-09-04,831
1997-09-05,825.5
1997-09-08,824.25
1997-09-09,826
1997-09-10,829
1997-09-11,833.75
1997-09-12,825.5
1997-09-15,827
1997-09-16,824.75
1997-09-17,825
1997-09-18,825.75
1997-09-19,823
1997-09-22,823.5
1997-09-23,823.5
1997-09-24,822.25
1997-09-25,820.75
1997-09-26,818.75
1997-09-29,820
1997-09-30,819
1997-10-01,817.5
1997-10-02,818.5
1997-10-03,826
1997-10-06,829
1997-10-07,841
1997-10-08,844
1997-10-09,845
1997-10-10,849.5
1997-10-13,852.25
1997-10-14,847
1997-10-15,851.25
1997-10-16,848.25
1997-10-17,843.25
1997-10-20,844.25
1997-10-21,848.75
1997-10-22,855
1997-10-23,849.25
1997-10-24,851
1997-10-27,848.75
1997-10-28,845.5
1997-10-29,842.5
1997-10-30,841
1997-10-31,841
1997-11-03,846.5
1997-11-04,841.5
1997-11-05,839.75
1997-11-06,844.25
1997-11-07,845.25
1997-11-10,837
1997-11-11,837.75
1997-11-12,835.5
1997-11-13,834.5
1997-11-14,833.25
1997-11-17,839
1997-11-18,838
1997-11-19,835
1997-11-20,833
1997-11-21,836.75
1997-11-24,834.5
1997-11-25,831.5
1997-11-26,834.75
1997-11-28,833
1997-12-01,834.75
1997-12-02,833
1997-12-03,833
1997-12-04,829.25
1997-12-05,831.5
1997-12-08,836.25
1997-12-09,834
1997-12-10,833.75
1997-12-11,829.25
1997-12-12,825.5
1997-12-15,824
1997-12-16,823.25
1997-12-17,824.75
1997-12-18,819.5
1997-12-19,818.25
1997-12-22,815.5
1997-12-23,819.25
1997-12-24,821.25
1997-12-26,821.5
1997-12-29,819.5
1997-12-30,819
1997-12-31,817.25
1998-01-02,815
1998-01-05,818
1998-01-06,814.5
1998-01-07,815.75
1998-01-08,810.75
1998-01-09,812
1998-01-12,810.5
1998-01-13,822.5
1998-01-14,826
1998-01-15,829.5
1998-01-16,829.25
1998-01-20,830.5
1998-01-21,828.25
1998-01-22,828.25
1998-01-23,827.75
1998-01-26,831.25
1998-01-27,828.75
1998-01-28,829.75
1998-01-29,827.75
1998-01-30,825.25
1998-02-02,827.75
1998-02-03,827.25
1998-02-04,825
1998-02-05,824
1998-02-06,822.25
1998-02-09,824.25
1998-02-10,826
1998-02-11,820.5
1998-02-12,822.75
1998-02-13,822.5
1998-02-17,820.25
1998-02-18,820
1998-02-19,820.75
1998-02-20,818.75
1998-02-23,818
1998-02-24,815.25
1998-02-25,816.75
1998-02-26,815.25
1998-02-27,814.5
1998-03-02,819
1998-03-03,818
1998-03-04,819.5
1998-03-05,819.5
1998-03-06,821
1998-03-09,823
1998-03-10,825.25
1998-03-11,826.25
1998-03-12,826
1998-03-13,819
1998-03-16,816
1998-03-17,816.5
1998-03-18,816.5
1998-03-19,813.5
1998-03-20,808.25
1998-03-23,811
1998-03-24,809.75
1998-03-25,809.25
1998-03-26,805.75
1998-03-27,806.5
1998-03-30,812
1998-03-31,803.25
1998-04-01,798.75
1998-04-02,800.25
1998-04-03,797.25
1998-04-06,792.25
1998-04-07,791.25
1998-04-08,792
1998-04-09,793.75
1998-04-13,789.5
1998-04-14,790.75
1998-04-15,795.25
1998-04-16,794.75
1998-04-17,794.75
1998-04-20,793
1998-04-21,795.25
1998-04-22,790.5
1998-04-23,792.75
1998-04-24,795.5
1998-04-27,791.5
1998-04-28,791.75
1998-04-29,790
1998-04-30,789
1998-05-01,787.75
1998-05-04,789.75
1998-05-05,793.25
1998-05-06,797.75
1998-05-07,797
1998-05-08,792.5
1998-05-11,784.5
1998-05-12,781.75
1998-05-13,785.5
1998-05-14,784.75
1998-05-15,783
1998-05-18,783.75
1998-05-19,781.75
1998-05-20,783.5
1998-05-21,783.25
1998-05-22,784
1998-05-26,777.25
1998-05-27,773.75
1998-05-28,775
1998-05-29,775.25
1998-06-01,775.5
1998-06-02,777.25
1998-06-03,774.75
1998-06-04,776.5
1998-06-05,773.75
1998-06-08,769.25
1998-06-09,768.75
1998-06-10,768.5
1998-06-11,768.75
1998-06-12,773
1998-06-15,769.5
1998-06-16,774
1998-06-17,781.25
1998-06-18,782.25
1998-06-19,790.25
1998-06-22,787.5
1998-06-23,793.25
1998-06-24,797
1998-06-25,792.75
1998-06-26,790
1998-06-29,778
1998-06-30,784.5
1998-07-01,778
1998-07-02,774.75
1998-07-06,770.25
1998-07-07,777.5
1998-07-08,780.25
1998-07-09,775.75
1998-07-10,767.75
1998-07-13,770.75
1998-07-14,764.5
1998-07-15,761
1998-07-16,762
1998-07-17,768.25
1998-07-20,763.5
1998-07-21,761.5
1998-07-22,758.75
1998-07-23,758
1998-07-24,756
1998-07-27,754
1998-07-28,752.25
1998-07-29,751.25
1998-07-30,751.5
1998-07-31,748.75
1998-08-03,744.75
1998-08-04,744.75
1998-08-05,742.75
1998-08-06,741.5
1998-08-07,742.5
1998-08-10,745.75
1998-08-11,745.25
1998-08-12,740.5
1998-08-13,738
1998-08-14,737.75
1998-08-17,739.75
1998-08-18,740
1998-08-19,741
1998-08-20,739.5
1998-08-21,736.75
1998-08-24,737
1998-08-25,735
1998-08-26,730.25
1998-08-27,728
1998-08-28,723.25
1998-08-31,721
1998-09-01,724.5
1998-09-02,726
1998-09-03,729.5
1998-09-04,729.5
1998-09-08,734.5
1998-09-09,732.25
1998-09-10,734.5
1998-09-11,729.25
1998-09-14,729.5
1998-09-15,731.75
1998-09-16,730.25
1998-09-17,728.5
1998-09-18,726.5
1998-09-21,726.75
1998-09-22,728
1998-09-23,727
1998-09-24,730
1998-09-25,732
1998-09-28,734.25
1998-09-29,733.25
1998-09-30,730.5
1998-10-01,726.25
1998-10-02,728
1998-10-05,731.25
1998-10-06,731.75
1998-10-07,738.75
1998-10-08,738.75
1998-10-09,743
1998-10-12,741.5
1998-10-13,749.5
1998-10-14,749.5
1998-10-15,748.75
1998-10-16,747
1998-10-19,743.5
1998-10-20,740.5
1998-10-21,740.5
1998-10-22,742.75
1998-10-23,740.25
1998-10-26,740.5
1998-10-27,740.5
1998-10-28,740.5
1998-10-29,740.25
1998-10-30,740.5
1998-11-02,738.25
1998-11-03,738.25
1998-11-04,737
1998-11-05,738.75
1998-11-06,738.25
1998-11-09,738.5
1998-11-10,743.75
1998-11-11,746.75
1998-11-12,746
1998-11-13,742
1998-11-16,740.75
1998-11-17,740.5
1998-11-18,742.75
1998-11-19,741.75
1998-11-20,741.5
1998-11-23,738.75
1998-11-24,738
1998-11-25,738.5
1998-11-27,739.5
1998-11-30,740.25
1998-12-01,738.75
1998-12-02,737.5
1998-12-03,735
1998-12-04,733.25
1998-12-07,734.25
1998-12-08,733
1998-12-09,732.25
1998-12-10,732.5
1998-12-11,734.75
1998-12-14,733.75
1998-12-15,733.5
1998-12-16,733.5
1998-12-17,731
1998-12-18,729.5
1998-12-21,729.25
1998-12-22,729.25
1998-12-23,729.5
1998-12-24,731
1998-12-28,729.5
1998-12-29,729
1998-12-30,723.75
1998-12-31,723.75
1999-01-04,725
1999-01-05,727.5
1999-01-06,734
1999-01-07,730
1999-01-08,732
1999-01-11,730
1999-01-12,727.5
1999-01-13,725.5
1999-01-14,725.75
1999-01-15,725.75
1999-01-19,724
1999-01-20,725.25
1999-01-21,726.25
1999-01-22,726.5
1999-01-25,725.75
1999-01-26,726
1999-01-27,725.75
1999-01-28,726.25
1999-01-29,724.75
1999-02-01,726
1999-02-02,727.75
1999-02-03,726
1999-02-04,727.5
1999-02-05,728.75
1999-02-08,728
1999-02-09,727
1999-02-10,731
1999-02-11,726.25
1999-02-12,727
1999-02-16,724.5
1999-02-17,723.75
1999-02-18,725.5
1999-02-19,725.25
1999-02-22,724.25
1999-02-23,725.25
1999-02-24,718.75
1999-02-25,718.25
1999-02-26,715.5
1999-03-01,716.5
1999-03-02,721.25
1999-03-03,720.25
1999-03-04,722.5
1999-03-05,721.25
1999-03-08,726.75
1999-03-09,727
1999-03-10,729
1999-03-11,729.75
1999-03-12,728
1999-03-15,725
1999-03-16,729
1999-03-17,730.75
1999-03-18,729.25
1999-03-19,734.5
1999-03-22,737.75
1999-03-23,733.75
1999-03-24,733
1999-03-25,735.25
1999-03-26,738.25
1999-03-29,737.25
1999-03-30,737.25
1999-03-31,730.75
1999-04-01,727.5
1999-04-05,726.75
1999-04-06,723
1999-04-07,723
1999-04-08,721.75
1999-04-09,723
1999-04-12,719.5
1999-04-13,721.25
1999-04-14,722.75
1999-04-15,725.25
1999-04-16,723
1999-04-19,725.75
1999-04-20,729.25
1999-04-21,729.5
1999-04-22,725
1999-04-23,725.75
1999-04-26,721
1999-04-27,719.75
1999-04-28,718.5
1999-04-29,718.75
1999-04-30,718.75
1999-05-03,720.5
1999-05-04,722.75
1999-05-05,721.75
1999-05-06,719.75
1999-05-07,718.25
1999-05-10,721.5
1999-05-11,722.5
1999-05-12,723.25
1999-05-13,724
1999-05-14,721.75
1999-05-17,723.75
1999-05-18,721.5
1999-05-19,720
1999-05-20,719
1999-05-21,718.5
1999-05-24,711.75
1999-05-25,714.75
1999-05-26,714.75
1999-05-27,716.5
1999-05-28,719.5
1999-06-01,716.25
1999-06-02,716.75
1999-06-03,723.25
1999-06-04,720.75
1999-06-07,722.25
1999-06-08,723
1999-06-09,720.75
1999-06-10,720.25
1999-06-11,717.25
1999-06-14,718.25
1999-06-15,714.25
1999-06-16,717.5
1999-06-17,717.25
1999-06-18,720.75
1999-06-21,719.25
1999-06-22,716.25
1999-06-23,717.5
1999-06-24,714
1999-06-25,713.25
1999-06-28,711.75
1999-06-29,712.75
1999-06-30,714
1999-07-01,705.75
1999-07-02,699.5
1999-07-06,692.5
1999-07-07,691.75
1999-07-08,687.25
1999-07-09,683.5
1999-07-12,684.25
1999-07-13,683.5
1999-07-14,687.5
1999-07-15,691.25
1999-07-16,685.25
1999-07-19,689.25
1999-07-20,692.75
1999-07-21,700.5
1999-07-22,701.75
1999-07-23,709.75
1999-07-26,702.25
1999-07-27,694
1999-07-28,693.5
1999-07-29,697.25
1999-07-30,700.75
1999-08-02,712.75
1999-08-03,717
1999-08-04,722.5
1999-08-05,720.75
1999-08-06,721
1999-08-09,721
1999-08-10,725.5
1999-08-11,719.75
1999-08-12,707.75
1999-08-13,707
1999-08-16,711.5
1999-08-17,714
1999-08-18,712.5
1999-08-19,711.5
1999-08-20,707.25
1999-08-23,704.25
1999-08-24,700.75
1999-08-25,704
1999-08-26,699.75
1999-08-27,699.5
1999-08-30,701
1999-08-31,703.5
1999-09-01,705.25
1999-09-02,706.25
1999-09-03,706.75
1999-09-07,709.5
1999-09-08,705.25
1999-09-09,703.25
1999-09-10,702
1999-09-13,700.25
1999-09-14,698.75
1999-09-15,696.5
1999-09-16,697
1999-09-17,694.5
1999-09-20,694.5
1999-09-21,695
1999-09-22,694.25
1999-09-23,692.75
1999-09-24,693
1999-09-27,696.25
1999-09-28,698
1999-09-29,698
1999-09-30,692.5
1999-10-01,689.25
1999-10-04,688.25
1999-10-05,687.75
1999-10-06,689
1999-10-07,687.5
1999-10-08,682.75
1999-10-11,683
1999-10-12,685.5
1999-10-13,684.75
1999-10-14,685.25
1999-10-15,683.5
1999-10-18,686.5
1999-10-19,685.25
1999-10-20,684.75
1999-10-21,684.25
1999-10-22,683.75
1999-10-25,686
1999-10-26,686
1999-10-27,684.75
1999-10-28,683.75
1999-10-29,683.75
1999-11-01,682.5
1999-11-02,683.25
1999-11-03,685.75
1999-11-04,686
1999-11-05,685.25
1999-11-08,686.25
1999-11-09,685
1999-11-10,679.5
1999-11-11,679.5
1999-11-12,678.5
1999-11-15,680.25
1999-11-16,680.5
1999-11-17,678.75
1999-11-18,676.75
1999-11-19,676.5
1999-11-22,678
1999-11-23,678.25
1999-11-24,677.5
1999-11-26,675.75
1999-11-29,673.5
1999-11-30,673
1999-12-01,675.25
1999-12-02,675
1999-12-03,674
1999-12-06,677
1999-12-07,675.75
1999-12-08,672.5
1999-12-09,669.75
1999-12-10,670.75
1999-12-13,668.25
1999-12-14,671.5
1999-12-15,671.5
1999-12-16,672.5
1999-12-17,674
1999-12-20,675.75
1999-12-21,674.75
1999-12-22,676
1999-12-23,676.75
1999-12-27,676.5
1999-12-28,677.25
1999-12-29,676.25
1999-12-30,677
2000-01-03,673.25
2000-01-04,675.5
2000-01-05,675.5
2000-01-06,676.25
2000-01-07,679.5
2000-01-10,681
2000-01-11,679.75
2000-01-12,688
2000-01-13,693.25
2000-01-14,691.5
2000-01-18,692.5
2000-01-19,693.25
2000-01-20,693.25
2000-01-21,695.25
2000-01-24,699.75
2000-01-25,700
2000-01-26,695.5
2000-01-27,698.25
2000-01-28,696
2000-01-31,692.5
2000-02-01,694.5
2000-02-02,693
2000-02-03,690.5
2000-02-04,692.25
2000-02-07,694
2000-02-08,693.75
2000-02-09,695
2000-02-10,698
2000-02-11,694.25
2000-02-14,694.75
2000-02-15,694.75
2000-02-16,695.5
2000-02-17,693.75
2000-02-18,693
2000-02-22,691.75
2000-02-23,687.75
2000-02-24,689.25
2000-02-25,686
2000-02-28,685.25
2000-02-29,688.5
2000-03-01,687.5
2000-03-02,688.5
2000-03-03,690
2000-03-06,693.25
2000-03-07,689.75
2000-03-08,690.75
2000-03-09,691.75
2000-03-10,691.25
2000-03-13,695.25
2000-03-14,702.5
2000-03-15,700.5
2000-03-16,699.75
2000-03-17,705.25
2000-03-20,700.25
2000-03-21,696.5
2000-03-22,699
2000-03-23,694.75
2000-03-24,696.5
2000-03-27,697
2000-03-28,689.5
2000-03-29,691.5
2000-03-30,697.75
2000-03-31,700.5
2000-04-03,698.75
2000-04-04,696.5
2000-04-05,696.5
2000-04-06,691.5
2000-04-07,693.75
2000-04-10,691.5
2000-04-11,687.75
2000-04-12,690
2000-04-13,692
2000-04-14,690.75
2000-04-17,688.5
2000-04-18,689
2000-04-19,692.25
2000-04-20,700.25
2000-04-24,701.25
2000-04-25,695
2000-04-26,692
2000-04-27,689.75
2000-04-28,687.5
2000-05-01,699.5
2000-05-02,701.75
2000-05-03,706.25
2000-05-04,705.75
2000-05-05,703.75
2000-05-08,696.5
2000-05-09,694.25
2000-05-10,699.75
2000-05-11,700.25
2000-05-12,701.25
2000-05-15,694.25
2000-05-16,690.75
2000-05-17,690.75
2000-05-18,694
2000-05-19,695.75
2000-05-22,696.5
2000-05-23,693.75
2000-05-24,690.5
2000-05-25,686
2000-05-26,689
2000-05-30,679.75
2000-05-31,680.5
2000-06-01,681
2000-06-02,685
2000-06-05,680
2000-06-06,681.25
2000-06-07,675.25
2000-06-08,674.25
2000-06-09,674.75
2000-06-12,663.75
2000-06-13,663.25
2000-06-14,658.75
2000-06-15,661.25
2000-06-16,662.75
2000-06-19,661
2000-06-20,657.75
2000-06-21,659
2000-06-22,658.25
2000-06-23,655
2000-06-26,650
2000-06-27,652.5
2000-06-28,648.25
2000-06-29,651
2000-06-30,643
2000-07-03,638
2000-07-05,639.75
2000-07-06,635.75
2000-07-07,638
2000-07-10,634.25
2000-07-11,632.25
2000-07-12,633
2000-07-13,633.25
2000-07-14,629.75
2000-07-17,626.5
2000-07-18,628
2000-07-19,629
2000-07-20,633.25
2000-07-21,635
2000-07-24,631.75
2000-07-25,630
2000-07-26,627.75
2000-07-27,628.25
2000-07-28,627.5
2000-07-31,627.5
2000-08-01,627
2000-08-02,627.75
2000-08-03,627.25
2000-08-04,626
2000-08-07,625
2000-08-08,626.75
2000-08-09,625.5
2000-08-10,624.5
2000-08-11,622
2000-08-14,623
2000-08-15,623
2000-08-16,625.75
2000-08-17,625.75
2000-08-18,624.5
2000-08-21,623.5
2000-08-22,622.75
2000-08-23,622.5
2000-08-24,623.25
2000-08-25,623.75
2000-08-28,626.75
2000-08-29,631.5
2000-08-30,628.75
2000-08-31,631.5
2000-09-01,629.25
2000-09-05,633
2000-09-06,628.75
2000-09-07,628.25
2000-09-08,630.5
2000-09-11,631
2000-09-12,629
2000-09-13,626.5
2000-09-14,624.75
2000-09-15,622.75
2000-09-18,624.5
2000-09-19,622.25
2000-09-20,623
2000-09-21,625.25
2000-09-22,629
2000-09-25,628.25
2000-09-26,629.5
2000-09-27,629.5
2000-09-28,631.25
2000-09-29,632.75
2000-10-02,634.25
2000-10-03,638.25
2000-10-04,639.25
2000-10-05,638.5
2000-10-06,638.25
2000-10-09,636.5
2000-10-10,638.5
2000-10-11,639.5
2000-10-12,643
2000-10-13,643
2000-10-16,641.75
2000-10-17,642.5
2000-10-18,641.25
2000-10-19,641.75
2000-10-20,640.25
2000-10-23,638.25
2000-10-24,639
2000-10-25,638.25
2000-10-26,637.25
2000-10-27,635.75
2000-10-30,635.5
2000-10-31,641
2000-11-01,641
2000-11-02,647
2000-11-03,648.25
2000-11-06,648.5
2000-11-07,649.75
2000-11-08,651
2000-11-09,648.75
2000-11-10,647
2000-11-13,646.25
2000-11-14,643.75
2000-11-15,642.5
2000-11-16,643.75
2000-11-17,646.25
2000-11-20,646
2000-11-21,645.75
2000-11-22,645.25
2000-11-24,646.25
2000-11-27,645.75
2000-11-28,643.25
2000-11-29,640.5
2000-11-30,643.5
2000-12-01,644.5
2000-12-04,643.25
2000-12-05,643
2000-12-06,641.75
2000-12-07,637.75
2000-12-08,641.75
2000-12-11,640
2000-12-12,639.25
2000-12-13,640.5
2000-12-14,641.5
2000-12-15,641.25
2000-12-18,646.25
2000-12-19,648.75
2000-12-20,648
2000-12-21,649.25
2000-12-22,649.75
2000-12-26,649.75
2000-12-27,651.75
2000-12-28,653.25
2000-12-29,654.75
2001-01-02,650.25
2001-01-03,653
2001-01-04,653
2001-01-05,649
2001-01-08,648.75
2001-01-09,650.5
2001-01-10,652.5
2001-01-11,645.5
2001-01-12,642.25
2001-01-16,639.25
2001-01-17,640.5
2001-01-18,641
2001-01-19,638
2001-01-22,638.25
2001-01-23,637
2001-01-24,638.5
2001-01-25,636.5
2001-01-26,632.5
2001-01-29,631.25
2001-01-30,632.25
2001-01-31,632
2001-02-01,634
2001-02-02,636
2001-02-05,635
2001-02-06,636.5
2001-02-07,635.25
2001-02-08,633
2001-02-09,633.25
2001-02-12,633.25
2001-02-13,632.75
2001-02-14,635.75
2001-02-15,635
2001-02-16,635
2001-02-20,635.25
2001-02-21,633.5
2001-02-22,633.5
2001-02-23,632
2001-02-26,632
2001-02-27,633.5
2001-02-28,637.5
2001-03-01,639
2001-03-02,637.75
2001-03-05,637.5
2001-03-06,638.25
2001-03-07,635.25
2001-03-08,635.25
2001-03-09,634.75
2001-03-12,636.25
2001-03-13,635.5
2001-03-14,632.75
2001-03-15,625.75
2001-03-16,622.5
2001-03-19,624
2001-03-20,626.5
2001-03-21,625.25
2001-03-22,620.25
2001-03-23,622
2001-03-26,624.75
2001-03-27,626
2001-03-28,624.25
2001-03-29,622.25
2001-03-30,618.25
2001-04-02,623.25
2001-04-03,624.25
2001-04-04,626.75
2001-04-05,627.25
2001-04-06,625.25
2001-04-09,625.75
2001-04-10,624
2001-04-11,625.5
2001-04-12,626.75
2001-04-16,627
2001-04-17,624.25
2001-04-18,624
2001-04-19,619.5
2001-04-20,619.5
2001-04-23,617
2001-04-24,615
2001-04-25,616.25
2001-04-26,620.5
2001-04-27,617
2001-04-30,620.25
2001-05-01,620.25
2001-05-02,621.25
2001-05-03,620.5
2001-05-04,622.75
2001-05-07,620.75
2001-05-08,617.75
2001-05-09,617.75
2001-05-10,611
2001-05-11,609.75
2001-05-14,614.5
2001-05-15,614.5
2001-05-16,614.25
2001-05-17,614
2001-05-18,612.5
2001-05-21,606.75
2001-05-22,604
2001-05-23,605
2001-05-24,606.5
2001-05-25,604
2001-05-29,602
2001-05-30,602.75
2001-05-31,605.5
2001-06-01,611.5
2001-06-04,608.5
2001-06-05,608.25
2001-06-06,611.25
2001-06-07,611.25
2001-06-08,610
2001-06-11,611.5
2001-06-12,610
2001-06-13,609.25
2001-06-14,607.5
2001-06-15,603.25
2001-06-18,603.25
2001-06-19,605.75
2001-06-20,603
2001-06-21,601
2001-06-22,600
2001-06-25,597.25
2001-06-26,598
2001-06-27,600.5
2001-06-28,602
2001-06-29,602
2001-07-02,604
2001-07-03,607
2001-07-05,610.5
2001-07-06,612
2001-07-09,616.25
2001-07-10,621.25
2001-07-11,629.25
2001-07-12,639
2001-07-13,629
2001-07-16,621
2001-07-17,629.5
2001-07-18,621.25
2001-07-19,621.25
2001-07-20,613.75
2001-07-23,614
2001-07-24,619.75
2001-07-25,624
2001-07-26,623
2001-07-27,625.25
2001-07-30,621.75
2001-07-31,623.5
2001-08-01,620
2001-08-02,618.25
2001-08-03,615.25
2001-08-06,617.25
2001-08-07,620.75
2001-08-08,622.25
2001-08-09,624.5
2001-08-10,626.75
2001-08-13,629.5
2001-08-14,626.5
2001-08-15,624.25
2001-08-16,621.75
2001-08-17,620.5
2001-08-20,617.25
2001-08-21,620.25
2001-08-22,620.25
2001-08-23,623.75
2001-08-24,619.5
2001-08-27,622.25
2001-08-28,620.25
2001-08-29,622.5
2001-08-30,621.25
2001-08-31,623.5
2001-09-04,622.5
2001-09-05,621
2001-09-06,617.5
2001-09-07,617
2001-09-10,617.75
2001-09-13,620.75
2001-09-14,615.5
2001-09-17,613
2001-09-18,609.75
2001-09-19,607.25
2001-09-20,610
2001-09-21,608.5
2001-09-24,607
2001-09-25,606.75
2001-09-26,608
2001-09-27,607.25
2001-09-28,605.75
2001-10-01,601.75
2001-10-02,600.5
2001-10-03,602
2001-10-04,602.75
2001-10-05,605.5
2001-10-08,606.75
2001-10-09,604.25
2001-10-10,605.5
2001-10-11,604.5
2001-10-12,599.75
2001-10-15,597.25
2001-10-16,598
2001-10-17,599
2001-10-18,596.5
2001-10-19,596.75
2001-10-22,595.5
2001-10-23,595.5
2001-10-24,597.75
2001-10-25,597.75
2001-10-26,596.75
2001-10-29,594.75
2001-10-30,597.25
2001-10-31,596.5
2001-11-01,595.25
2001-11-02,593.5
2001-11-05,594
2001-11-06,593.75
2001-11-07,593.75
2001-11-08,594
2001-11-09,597.25
2001-11-13,596.25
2001-11-14,597.75
2001-11-15,597.25
2001-11-16,598.5
2001-11-19,600.5
2001-11-20,600
2001-11-21,600
2001-11-23,599.5
2001-11-26,595
2001-11-27,595
2001-11-28,589.75
2001-11-29,591
2001-11-30,599.75
2001-12-03,600.25
2001-12-04,600.5
2001-12-05,598.5
2001-12-06,595.75
2001-12-07,598.25
2001-12-10,598.75
2001-12-11,598.75
2001-12-12,595.25
2001-12-13,595.75
2001-12-14,596
2001-12-17,594.75
2001-12-18,593.25
2001-12-19,593.5
2001-12-20,591.5
2001-12-21,590.75
2001-12-26,588
2001-12-27,588.75
2001-12-28,589
2001-12-31,588.25
2002-01-02,587.75
2002-01-03,589.75
2002-01-04,589.75
2002-01-07,590.75
2002-01-08,590.75
2002-01-09,589.25
2002-01-10,588
2002-01-11,592
2002-01-14,590.25
2002-01-15,592
2002-01-16,594
2002-01-17,592.75
2002-01-18,591
2002-01-22,589
2002-01-23,588
2002-01-24,588.75
2002-01-25,588.25
2002-01-28,586.75
2002-01-29,585.5
2002-01-30,585.25
2002-01-31,585.25
2002-02-01,583.75
2002-02-04,585.25
2002-02-05,585.5
2002-02-06,583.5
2002-02-07,583.75
2002-02-08,584
2002-02-11,584.5
2002-02-12,585
2002-02-13,588
2002-02-14,586
2002-02-15,584.25
2002-02-19,585
2002-02-20,586
2002-02-21,586
2002-02-22,584.5
2002-02-25,581.25
2002-02-26,578.5
2002-02-27,580
2002-02-28,580.5
2002-03-01,581.5
2002-03-04,580.75
2002-03-05,582.5
2002-03-06,581.25
2002-03-07,580.75
2002-03-08,581.25
2002-03-11,582.5
2002-03-12,583.5
2002-03-13,580.25
2002-03-14,580.75
2002-03-15,578.75
2002-03-18,579.25
2002-03-19,579.5
2002-03-20,578.75
2002-03-21,578.5
2002-03-22,577.75
2002-03-25,576.75
2002-03-26,577.5
2002-03-27,579.25
2002-03-28,575.5
2002-04-01,576.5
2002-04-02,576.75
2002-04-03,574.25
2002-04-04,574.5
2002-04-05,573.5
2002-04-08,574.5
2002-04-09,574.25
2002-04-10,572.75
2002-04-11,571.75
2002-04-12,570.75
2002-04-15,569
2002-04-16,570.75
2002-04-17,572.75
2002-04-18,571.25
2002-04-19,570.25
2002-04-22,571.75
2002-04-23,571.75
2002-04-24,570.75
2002-04-25,570.25
2002-04-26,570.25
2002-04-29,567.5
2002-04-30,567.75
2002-05-01,570.25
2002-05-02,567.75
2002-05-03,568.25
2002-05-06,567.75
2002-05-07,572
2002-05-08,571.75
2002-05-09,572.75
2002-05-10,573.25
2002-05-13,582.25
2002-05-14,582.75
2002-05-15,583.5
2002-05-16,580.5
2002-05-17,576.25
2002-05-20,578.75
2002-05-21,578
2002-05-22,574.75
2002-05-23,575
2002-05-24,572.25
2002-05-28,574.75
2002-05-29,578.75
2002-05-30,579.75
2002-05-31,581.25
2002-06-03,576.75
2002-06-04,577.75
2002-06-05,577.5
2002-06-06,576.25
2002-06-07,574
2002-06-10,574
2002-06-11,571.5
2002-06-12,574
2002-06-13,579
2002-06-14,576.5
2002-06-17,575.25
2002-06-18,574
2002-06-19,576
2002-06-20,577.25
2002-06-21,577.5
2002-06-24,585.25
2002-06-25,587
2002-06-26,588.25
2002-06-27,593
2002-06-28,592.25
2002-07-01,599.75
2002-07-02,594.75
2002-07-03,590.5
2002-07-05,595.75
2002-07-08,588.5
2002-07-09,591.75
2002-07-10,588
2002-07-11,583
2002-07-12,581.75
2002-07-15,586.5
2002-07-16,594
2002-07-17,590.75
2002-07-18,592
2002-07-19,594
2002-07-22,605.25
2002-07-23,600.75
2002-07-24,608.5
2002-07-25,603.5
2002-07-26,602.25
2002-07-29,590.25
2002-07-30,595.25
2002-07-31,606.5
2002-08-01,608.5
2002-08-02,612
2002-08-05,612.75
2002-08-06,610.5
2002-08-07,608.25
2002-08-08,605.5
2002-08-09,609.5
2002-08-12,620
2002-08-13,627
2002-08-14,632.25
2002-08-15,631.5
2002-08-16,630
2002-08-19,625.25
2002-08-20,618.75
2002-08-21,620.5
2002-08-22,619.75
2002-08-23,621.75
2002-08-26,622.5
2002-08-27,620
2002-08-28,618
2002-08-29,614.5
2002-08-30,615.75
2002-09-03,622
2002-09-04,626.25
2002-09-05,628.25
2002-09-06,631
2002-09-09,637
2002-09-10,635.25
2002-09-11,640.25
2002-09-12,631
2002-09-13,624
2002-09-16,625.75
2002-09-17,624.25
2002-09-18,620.25
2002-09-19,614.5
2002-09-20,608.5
2002-09-23,602
2002-09-24,607.25
2002-09-25,606.25
2002-09-26,608.25
2002-09-27,606.5
2002-09-30,599.25
2002-10-01,603.5
2002-10-02,604.75
2002-10-03,602.25
2002-10-04,605.5
2002-10-07,607.75
2002-10-08,605.25
2002-10-09,603.75
2002-10-10,599.25
2002-10-11,594.5
2002-10-14,593.25
2002-10-15,601.75
2002-10-16,601
2002-10-17,603.25
2002-10-18,602
2002-10-21,602
2002-10-22,599.25
2002-10-23,598
2002-10-24,598
2002-10-25,598
2002-10-28,595.25
2002-10-29,596.75
2002-10-30,593.75
2002-10-31,595.25
2002-11-01,595.25
2002-11-04,592
2002-11-05,589.75
2002-11-06,590.75
2002-11-07,588.75
2002-11-08,583.5
2002-11-11,583.5
2002-11-12,586
2002-11-13,588.25
2002-11-14,591.75
2002-11-15,589.75
2002-11-18,591.5
2002-11-19,595.25
2002-11-20,595.75
2002-11-21,594.25
2002-11-22,595.5
2002-11-25,591
2002-11-26,592.5
2002-11-27,588.5
2002-11-29,585.75
2002-12-02,585.5
2002-12-03,583
2002-12-04,583.5
2002-12-05,580.25
2002-12-06,581.5
2002-12-09,581
2002-12-10,582.5
2002-12-11,584.75
2002-12-12,583.5
2002-12-13,584.25
2002-12-16,583
2002-12-17,582.5
2002-12-18,584.25
2002-12-19,584
2002-12-20,583.5
2002-12-23,587
2002-12-26,587
2002-12-27,584
2002-12-30,580
2002-12-31,580
2003-01-02,581.25
2003-01-03,580.25
2003-01-06,580
2003-01-07,584.25
2003-01-08,589.5
2003-01-09,587.75
2003-01-10,579
2003-01-13,574.75
2003-01-14,575.5
2003-01-15,575.5
2003-01-16,575
2003-01-17,576.75
2003-01-21,578
2003-01-22,579
2003-01-23,579.75
2003-01-24,579.75
2003-01-27,579.25
2003-01-28,582.75
2003-01-29,579.75
2003-01-30,581.25
2003-01-31,582.5
2003-02-03,581
2003-02-04,582
2003-02-05,581
2003-02-06,583.25
2003-02-07,584
2003-02-10,585.75
2003-02-11,585.75
2003-02-12,583.5
2003-02-13,584
2003-02-14,584.5
2003-02-18,582.5
2003-02-19,579.5
2003-02-20,579.75
2003-02-21,578.25
2003-02-24,575
2003-02-25,576
2003-02-26,576
2003-02-27,574.5
2003-02-28,575.5
2003-03-03,576.75
2003-03-04,578.5
2003-03-05,579.5
2003-03-06,582.5
2003-03-07,582.25
2003-03-10,579.25
2003-03-11,577.25
2003-03-12,577.75
2003-03-13,577.75
2003-03-14,575.25
2003-03-17,572
2003-03-18,572
2003-03-19,573.75
2003-03-20,576
2003-03-21,573.75
2003-03-24,571.25
2003-03-25,570.5
2003-03-26,570.25
2003-03-27,571
2003-03-28,570
2003-03-31,578.75
2003-04-01,581.75
2003-04-02,582.5
2003-04-03,581
2003-04-04,581.25
2003-04-07,585.5
2003-04-08,585
2003-04-09,584.25
2003-04-10,581
2003-04-11,581.5
2003-04-14,581.5
2003-04-15,584
2003-04-16,581.5
2003-04-17,583
2003-04-21,581
2003-04-22,581.25
2003-04-23,581
2003-04-24,578.75
2003-04-25,576.25
2003-04-28,573.5
2003-04-29,573.5
2003-04-30,573.5
2003-05-01,573.75
2003-05-02,574.75
2003-05-05,579.5
2003-05-06,579.75
2003-05-07,584.75
2003-05-08,584.75
2003-05-09,594.25
2003-05-12,594.5
2003-05-13,595
2003-05-14,593.5
2003-05-15,598
2003-05-16,596.5
2003-05-19,589
2003-05-20,589
2003-05-21,587.75
2003-05-22,586
2003-05-23,586
2003-05-27,584.25
2003-05-28,583.5
2003-05-29,587.25
2003-05-30,586.5
2003-06-02,583.75
2003-06-03,582.25
2003-06-04,579.75
2003-06-05,578
2003-06-06,581
2003-06-09,578.5
2003-06-10,581.5
2003-06-11,586.25
2003-06-12,589.25
2003-06-13,584
2003-06-16,582.75
2003-06-17,584.25
2003-06-18,586.5
2003-06-19,586.75
2003-06-20,584.75
2003-06-23,581.75
2003-06-24,581.5
2003-06-25,581
2003-06-26,575.25
2003-06-27,572
2003-06-30,570.75
2003-07-01,572.25
2003-07-02,570.25
2003-07-03,569.25
2003-07-07,566.5
2003-07-08,570.25
2003-07-09,567.75
2003-07-10,562
2003-07-11,560.25
2003-07-14,559
2003-07-15,555.5
2003-07-16,555
2003-07-17,554.25
2003-07-18,553
2003-07-21,555.25
2003-07-22,555.5
2003-07-23,552.5
2003-07-24,552.5
2003-07-25,553.5
2003-07-28,556.75
2003-07-29,557
2003-07-30,554.75
2003-07-31,553
2003-08-01,553.75
2003-08-04,556.5
2003-08-05,556.75
2003-08-06,558.5
2003-08-07,559.25
2003-08-08,559.75
2003-08-11,556.5
2003-08-12,566.75
2003-08-13,567
2003-08-14,567
2003-08-15,567.25
2003-08-18,575.75
2003-08-19,570
2003-08-20,573.75
2003-08-21,571.5
2003-08-22,573.75
2003-08-25,574.25
2003-08-26,574.75
2003-08-27,575.5
2003-08-28,585.75
2003-08-29,580.25
2003-09-02,578.5
2003-09-03,582.75
2003-09-04,585.5
2003-09-05,581.5
2003-09-08,578.75
2003-09-09,581.25
2003-09-10,580.75
2003-09-11,571.5
2003-09-12,566.5
2003-09-15,565.5
2003-09-16,562.75
2003-09-17,562.25
2003-09-18,562.25
2003-09-19,564.5
2003-09-22,566.25
2003-09-23,562.25
2003-09-24,562.75
2003-09-25,564.75
2003-09-26,564.75
2003-09-29,564.5
2003-09-30,558.75
2003-10-01,558.75
2003-10-02,558.75
2003-10-03,561.5
2003-10-06,559.75
2003-10-07,562
2003-10-08,560
2003-10-09,560.25
2003-10-10,554.75
2003-10-13,556
2003-10-14,557
2003-10-15,555
2003-10-16,553.25
2003-10-17,552.75
2003-10-20,552.25
2003-10-21,554.25
2003-10-22,558.75
2003-10-23,573.5
2003-10-24,573.5
2003-10-27,573.75
2003-10-28,578.75
2003-10-29,586.75
2003-10-30,586.25
2003-10-31,585.75
2003-11-03,578.5
2003-11-04,570.75
2003-11-05,575.25
2003-11-06,572.75
2003-11-07,573.75
2003-11-10,571.25
2003-11-11,571
2003-11-12,578.75
2003-11-13,579.25
2003-11-14,579
2003-11-17,576.75
2003-11-18,574.25
2003-11-19,569.75
2003-11-20,573.75
2003-11-21,574.5
2004-01-02,587
2004-01-05,586.75
2004-01-06,585.25
2004-01-07,583.75
2004-01-08,585.5
2004-01-09,584.75
2004-01-12,599.25
2004-01-13,602.25
2004-01-14,602.5
2004-01-15,602.5
2004-01-16,606.25
2004-01-20,609
2004-01-21,611
2004-01-22,609.75
2004-01-23,610.75
2004-01-26,615
2004-01-27,610
2004-01-28,604.5
2004-01-29,603.75
2004-01-30,610
2004-02-02,605
2004-02-03,606.75
2004-02-04,604
2004-02-05,609
2004-02-06,612.75
2004-02-09,618
2004-02-10,613.75
2004-02-11,618
2004-02-12,615
2004-02-13,616.25
2004-02-17,617.75
2004-02-18,613.5
2004-02-19,618.5
2004-02-20,618.5
2004-02-23,621
2004-02-24,624.5
2004-02-25,625.5
2004-02-26,629.75
2004-02-27,630.75
2004-03-01,630.5
2004-03-02,623.5
2004-03-03,625.5
2004-03-04,624.75
2004-03-05,625
2004-03-08,620.25
2004-03-09,629.25
2004-03-10,626
2004-03-11,626.75
2004-03-12,629
2004-03-15,635.25
2004-03-16,633
2004-03-17,636
2004-03-18,639.75
2004-03-19,639.75
2004-03-22,646.25
2004-03-23,643.5
2004-03-24,637.25
2004-03-25,634.5
2004-03-26,633.25
2004-03-29,632.75
2004-03-30,640
2004-03-31,647.75
2004-04-01,653.5
2004-04-02,658.25
2004-04-05,657.25
2004-04-06,654.5
2004-04-07,657.75
2004-04-08,658.25
2004-04-12,650
2004-04-13,639.5
2004-04-14,644.25
2004-04-15,635.25
2004-04-16,642.25
2004-04-19,639
2004-04-20,637.5
2004-04-21,633.75
2004-04-22,632.25
2004-04-23,633
2004-04-26,629.25
2004-04-27,630.75
2004-04-28,636
2004-04-29,634.75
2004-04-30,644
2004-05-03,647
2004-05-04,644.5
2004-05-05,644.5
2004-05-06,632.25
2004-05-07,633
2004-05-10,620.5
2004-05-11,621.25
2004-05-12,619.5
2004-05-13,617.25
2004-05-14,614.25
2004-05-17,617.25
2004-05-18,614
2004-05-19,620.5
2004-05-20,614.25
2004-05-21,612
2004-05-24,618
2004-05-25,625.75
2004-05-26,622.75
2004-05-27,620.75
2004-05-28,626
2004-06-01,646
2004-06-02,643.75
2004-06-03,632.75
2004-06-04,630.25
2004-06-07,622.25
2004-06-08,619
2004-06-09,619.5
2004-06-10,607.75
2004-06-11,607.75
2004-06-14,610.25
2004-06-15,602.25
2004-06-16,603.5
2004-06-17,599.75
2004-06-18,596.5
2004-06-21,596.5
2004-06-22,589.75
2004-06-23,596.5
2004-06-24,595.25
2004-06-25,598.25
2004-06-28,593.25
2004-06-29,590
2004-06-30,580
2004-07-01,580.5
2004-07-02,576.75
2004-07-06,571.5
2004-07-07,571.25
2004-07-08,566
2004-07-09,563.75
2004-07-12,565.5
2004-07-13,562.25
2004-07-14,564
2004-07-15,560
2004-07-16,556.5
2004-07-19,554.5
2004-07-20,551.5
2004-07-21,543.75
2004-07-22,536.75
2004-07-23,541.25
2004-07-26,540.75
2004-07-27,539.75
2004-07-28,536
2004-07-29,536
2004-07-30,534.75
2004-08-02,535.75
2004-08-03,536.75
2004-08-04,538.75
2004-08-05,541.5
2004-08-06,543.25
2004-08-09,544.5
2004-08-10,542
2004-08-11,538.25
2004-08-12,535.5
2004-08-13,535.25
2004-08-16,539.75
2004-08-17,546
2004-08-18,543
2004-08-19,546.75
2004-08-20,548.75
2004-08-23,551.75
2004-08-24,549.75
2004-08-25,545.5
2004-08-26,542.75
2004-08-27,537.75
2004-08-30,542
2004-08-31,544.5
2004-09-01,549.5
2004-09-02,543
2004-09-03,537.75
2004-09-07,533.25
2004-09-08,533.5
2004-09-09,533.25
2004-09-10,529
2004-09-13,527.25
2004-09-14,524.75
2004-09-15,525.25
2004-09-16,523
2004-09-17,522
2004-09-20,519.5
2004-09-21,519.5
2004-09-22,517
2004-09-23,514.5
2004-09-24,512
2004-09-27,514.5
2004-09-28,515.25
2004-09-29,514
2004-09-30,512.25
2004-10-01,512.75
2004-10-04,509.5
2004-10-05,511.25
2004-10-06,514
2004-10-07,512.75
2004-10-08,511.25
2004-10-11,511.5
2004-10-12,509.25
2004-10-13,512
2004-10-14,511
2004-10-15,513.5
2004-10-18,510.75
2004-10-19,513.75
2004-10-20,512.75
2004-10-21,511
2004-10-22,508.5
2004-10-25,512
2004-10-26,513.5
2004-10-27,513
2004-10-28,513
2004-10-29,509.25
2004-11-01,506.75
2004-11-02,506.5
2004-11-03,505.75
2004-11-04,504.25
2004-11-05,506.25
2004-11-08,504.75
2004-11-09,504.75
2004-11-10,505
2004-11-11,504
2004-11-12,506.75
2004-11-15,509.25
2004-11-16,509.75
2004-11-17,512.5
2004-11-18,510.75
2004-11-19,506
2004-11-22,504.25
2004-11-23,504.75
2004-11-24,504.5
2004-11-26,503.75
2004-11-29,500
2004-11-30,499
2004-12-01,498.5
2004-12-02,499.25
2004-12-03,502.5
2004-12-06,504.25
2004-12-07,498.5
2004-12-08,499.25
2004-12-09,498.25
2004-12-10,496.5
2004-12-13,500
2004-12-14,501.25
2004-12-15,500.25
2004-12-16,498.75
2004-12-17,499.75
2004-12-20,501.75
2004-12-21,501
2004-12-22,500.75
2004-12-23,502.25
2004-12-27,502.75
2004-12-28,502.25
2004-12-29,498.5
2004-12-30,500
2005-01-03,497
2005-01-04,496.25
2005-01-05,496.75
2005-01-06,504
2005-01-07,502
2005-01-10,502
2005-01-11,502
2005-01-12,495.75
2005-01-13,495.25
2005-01-14,492.5
2005-01-18,491.25
2005-01-19,492
2005-01-20,493
2005-01-21,492.25
2005-01-24,493
2005-01-25,494.25
2005-01-26,494
2005-01-27,491
2005-01-28,491
2005-01-31,492.25
2005-02-01,492.25
2005-02-02,490.5
2005-02-03,490.25
2005-02-04,490.25
2005-02-07,491.5
2005-02-08,490
2005-02-09,490.25
2005-02-10,493.5
2005-02-11,493.5
2005-02-14,495.75
2005-02-15,495.25
2005-02-16,492.25
2005-02-17,494.5
2005-02-18,495.25
2005-02-22,502.75
2005-02-23,501
2005-02-24,501
2005-02-25,506.75
2005-02-28,508
2005-03-01,504.5
2005-03-02,504.25
2005-03-03,503.25
2005-03-04,502.25
2005-03-07,498.5
2005-03-08,499.5
2005-03-09,501.5
2005-03-10,505.25
2005-03-11,510
2005-03-14,506.25
2005-03-15,513.75
2005-03-16,510.75
2005-03-17,508.75
2005-03-18,505
2005-03-21,499.75
2005-03-22,499.25
2005-03-23,496
2005-03-24,495.75
2005-03-28,498
2005-03-29,498.25
2005-03-30,497.75
2005-03-31,498.25
2005-04-01,498
2005-04-04,495
2005-04-05,490.75
2005-04-06,492.5
2005-04-07,490.75
2005-04-08,489.25
2005-04-11,491
2005-04-12,492
2005-04-13,491
2005-04-14,492.75
2005-04-15,491.5
2005-04-18,489.5
2005-04-19,494.75
2005-04-20,496
2005-04-21,496.5
2005-04-22,494.5
2005-04-25,498.5
2005-04-26,498.25
2005-04-27,493.5
2005-04-28,498.25
2005-04-29,490.25
2005-05-02,485.75
2005-05-03,481.75
2005-05-04,482.75
2005-05-05,484.75
2005-05-06,485
2005-05-09,484.5
2005-05-10,485
2005-05-11,483.25
2005-05-12,481
2005-05-13,480.25
2005-05-16,483.75
2005-05-17,484.25
2005-05-18,487.5
2005-05-19,486.25
2005-05-20,490
2005-05-23,501.25
2005-05-24,498
2005-05-25,499.5
2005-05-26,501.75
2005-05-27,498
2005-05-31,498.75
2005-06-01,501.25
2005-06-02,493.75
2005-06-03,495
2005-06-06,497.5
2005-06-07,497
2005-06-08,492.75
2005-06-09,492.25
2005-06-10,486.75
2005-06-13,491.75
2005-06-14,495.75
2005-06-15,501
2005-06-16,502.5
2005-06-17,505.75
2005-06-20,512.25
2005-06-21,509
2005-06-22,506.25
2005-06-23,503.25
2005-06-24,509.5
2005-06-27,498.25
2005-06-28,495.25
2005-06-29,493.25
2005-06-30,489.5
2005-07-01,492.75
2005-07-05,507.25
2005-07-06,507
2005-07-07,509
2005-07-08,502
2005-07-11,502.5
2005-07-12,502.75
2005-07-13,512
2005-07-14,517.75
2005-07-15,525
2005-07-18,527.25
2005-07-19,515.75
2005-07-20,508.75
2005-07-21,501.25
2005-07-22,500.75
2005-07-25,497.75
2005-07-26,501.5
2005-07-27,503.75
2005-07-28,508.25
2005-07-29,503.75
2005-08-01,499
2005-08-02,499.75
2005-08-03,494.25
2005-08-04,491.75
2005-08-05,487.75
2005-08-08,489.25
2005-08-09,486
2005-08-10,490.25
2005-08-11,492.25
2005-08-12,485
2005-08-15,477.75
2005-08-16,476.75
2005-08-17,480.25
2005-08-18,478.5
2005-08-19,477.5
2005-08-22,479.75
2005-08-23,477.75
2005-08-24,476
2005-08-25,473.5
2005-08-26,471
2005-08-29,472
2005-08-30,470.75
2005-08-31,468.75
2005-09-01,474.5
2005-09-02,469.5
2005-09-06,473.5
2005-09-07,469.75
2005-09-08,468.5
2005-09-09,468.25
2005-09-12,463.75
2005-09-13,462.25
2005-09-14,460
2005-09-15,458.75
2005-09-16,458.5
2005-09-19,458.5
2005-09-20,459
2005-09-21,458.75
2005-09-22,460.5
2005-09-23,459.5
2005-09-26,458.75
2005-09-27,455.5
2005-09-28,455.5
2005-09-29,455.75
2005-09-30,457.75
2005-10-03,458.75
2005-10-04,458
2005-10-05,457
2005-10-06,457.75
2005-10-07,454.75
2005-10-10,454.25
2005-10-11,454.75
2005-10-12,458
2005-10-13,455.75
2005-10-14,455.75
2005-10-17,456
2005-10-18,454.25
2005-10-19,454
2005-10-20,455
2005-10-21,453.75
2005-10-24,451.75
2005-10-25,451.75
2005-10-26,450.5
2005-10-27,450
2005-10-28,449.25
2005-10-31,448.5
2005-11-01,449
2005-11-02,448.25
2005-11-03,448.5
2005-11-04,447.75
2005-11-07,447
2005-11-08,447.5
2005-11-09,447.5
2005-11-10,446
2005-11-11,447.75
2005-11-14,449
2005-11-15,448
2005-11-16,445
2005-11-17,444.5
2005-11-18,443.5
2005-11-21,443.75
2005-11-22,443.75
2005-11-23,443
2005-11-25,442
2005-11-28,440
2005-11-29,438.5
2005-11-30,439.75
2005-12-01,441.75
2005-12-02,441.25
2005-12-05,444.75
2005-12-06,442.25
2005-12-07,439
2005-12-08,439.75
2005-12-09,441.75
2005-12-12,445.75
2005-12-13,446.75
2005-12-14,445.25
2005-12-15,442.75
2005-12-16,445.5
2005-12-19,446.75
2005-12-20,447.75
2005-12-21,448
2005-12-22,450.75
2005-12-23,452
2005-12-27,453.5
2005-12-28,454.25
2005-12-29,449
2005-12-30,453.75
2006-01-03,458
2006-01-04,456.25
2006-01-05,453.5
2006-01-06,452.25
2006-01-09,449
2006-01-10,451.25
2006-01-11,452.5
2006-01-12,450.75
2006-01-13,451.5
2006-01-17,446.75
2006-01-18,443.75
2006-01-19,443
2006-01-20,443
2006-01-23,446.25
2006-01-24,451.25
2006-01-25,454.5
2006-01-26,455
2006-01-27,456.75
2006-01-30,455.75
2006-01-31,456.75
2006-02-01,454.5
2006-02-02,458.5
2006-02-03,463.25
2006-02-06,460.75
2006-02-07,456
2006-02-08,459.25
2006-02-09,463.5
2006-02-10,459.25
2006-02-13,458.75
2006-02-14,456.75
2006-02-15,460
2006-02-16,461.5
2006-02-17,464.5
2006-02-21,464
2006-02-22,459.5
2006-02-23,461
2006-02-24,465.75
2006-02-27,465.5
2006-02-28,465.25
2006-03-01,461.25
2006-03-02,465.75
2006-03-03,466
2006-03-06,459.25
2006-03-07,457
2006-03-08,454.5
2006-03-09,458.5
2006-03-10,461
2006-03-13,455.25
2006-03-14,458.25
2006-03-15,455.75
2006-03-16,451
2006-03-17,448
2006-03-20,444.75
2006-03-21,450
2006-03-22,449
2006-03-23,445.75
2006-03-24,445.25
2006-03-27,448.25
2006-03-28,448.75
2006-03-29,450.75
2006-03-30,454.25
2006-03-31,462.5
2006-04-03,463
2006-04-04,461
2006-04-05,462.75
2006-04-06,468
2006-04-07,469.5
2006-04-10,467.75
2006-04-11,468.5
2006-04-12,463.5
2006-04-13,462.75
2006-04-17,463
2006-04-18,465.75
2006-04-19,465
2006-04-20,462.25
2006-04-21,463
2006-04-24,459.25
2006-04-25,457.5
2006-04-26,458
2006-04-27,457.75
2006-04-28,464
2006-05-01,463
2006-05-02,458.5
2006-05-03,457.5
2006-05-04,454.25
2006-05-05,455.5
2006-05-08,453.25
2006-05-09,453
2006-05-10,455
2006-05-11,462
2006-05-12,473.25
2006-05-15,475
2006-05-16,474
2006-05-17,478
2006-05-18,475.25
2006-05-19,467.75
2006-05-22,464.5
2006-05-23,468
2006-05-24,464.5
2006-05-25,468.25
2006-05-26,469
2006-05-30,469.5
2006-05-31,466.25
2006-06-01,469.5
2006-06-02,474.5
2006-06-05,468
2006-06-06,462.75
2006-06-07,466
2006-06-08,460.5
2006-06-09,457
2006-06-12,462.5
2006-06-13,458.25
2006-06-14,452
2006-06-15,448
2006-06-16,450.5
2006-06-19,444.75
2006-06-20,444.75
2006-06-21,447.75
2006-06-22,445.5
2006-06-23,443.25
2006-06-26,438
2006-06-27,440.25
2006-06-28,441
2006-06-29,443.5
2006-06-30,449.75
2006-07-03,457.25
2006-07-05,453.25
2006-07-06,458.75
2006-07-07,454.75
2006-07-10,461
2006-07-11,467.75
2006-07-12,472
2006-07-13,464
2006-07-14,464.5
2006-07-17,455.5
2006-07-18,450.25
2006-07-19,448.5
2006-07-20,446.25
2006-07-21,441
2006-07-24,442.75
2006-07-25,443.25
2006-07-26,439.75
2006-07-27,441.5
2006-07-28,441
2006-07-31,442.75
2006-08-01,444.25
2006-08-02,451
2006-08-03,448.75
2006-08-04,448.75
2006-08-07,443.5
2006-08-08,439.5
2006-08-09,443.5
2006-08-10,442.5
2006-08-11,428.5
2006-08-14,425.75
2006-08-15,425.75
2006-08-16,425.25
2006-08-17,422.75
2006-08-18,423.5
2006-08-21,424.75
2006-08-22,423.25
2006-08-23,427.25
2006-08-24,431.25
2006-08-25,428.75
2006-08-28,428.25
2006-08-29,426.5
2006-08-30,448.5
2006-08-31,435.5
2006-09-01,433.25
2006-09-05,431.75
2006-09-06,428.25
2006-09-07,433.25
2006-09-08,433.5
2006-09-11,431
2006-09-12,425.25
2006-09-13,425.25
2006-09-14,424.75
2006-09-15,429.25
2006-09-18,435.25
2006-09-19,434
2006-09-20,436.5
2006-09-21,444.75
2006-09-22,442.75
2006-09-25,442.25
2006-09-26,446.5
2006-09-27,441.25
2006-09-28,451.75
2006-09-29,450
2006-10-02,455.25
2006-10-03,451.5
2006-10-04,461.75
2006-10-05,459.25
2006-10-06,458.5
2006-10-09,477
2006-10-10,463
2006-10-11,471.5
2006-10-12,485.75
2006-10-13,502
2006-10-16,504.25
2006-10-17,508.5
2006-10-18,503
2006-10-19,503.5
2006-10-20,500.25
2006-10-23,505.75
2006-10-24,511.75
2006-10-25,514.5
2006-10-26,514.5
2006-10-27,520
2006-10-30,517
2006-10-31,508.25
2006-11-01,521
2006-11-02,532.25
2006-11-03,529.75
2006-11-06,531
2006-11-07,538.5
2006-11-08,545.25
2006-11-09,537.5
2006-11-10,530.75
2006-11-13,530
2006-11-14,545.25
2006-11-15,545.75
2006-11-16,539
2006-11-17,542.75
2006-11-20,547.5
2006-11-21,548.75
2006-11-22,550.25
2006-11-24,556.75
2006-11-27,559
2006-11-28,556.25
2006-11-29,557.75
2006-11-30,563
2006-12-01,559.5
2006-12-04,548
2006-12-05,550.5
2006-12-06,538.5
2006-12-07,545
2006-12-08,541
2006-12-11,543.25
2006-12-12,545.25
2006-12-13,540.75
2006-12-14,544.25
2006-12-15,541.5
2006-12-18,538.25
2006-12-19,545.5
2006-12-20,545.25
2006-12-21,550.25
2006-12-22,556.5
2006-12-26,560.5
2006-12-27,559.25
2006-12-28,561
2006-12-29,562.75
2007-01-02,562.75
2007-01-03,543
2007-01-04,534.75
2007-01-05,540.75
2007-01-08,536
2007-01-09,527
2007-01-10,532.75
2007-01-11,549
2007-01-12,569
2007-01-16,575.5
2007-01-17,580.5
2007-01-18,584.75
2007-01-19,579.25
2007-01-22,576.75
2007-01-23,581.5
2007-01-24,573.25
2007-01-25,579.5
2007-01-26,578
2007-01-29,572.5
2007-01-30,577.25
2007-01-31,576.5
2007-02-01,570.5
2007-02-02,574.5
2007-02-05,574.5
2007-02-06,569
2007-02-07,564.75
2007-02-08,572.25
2007-02-09,578.75
2007-02-12,577.25
2007-02-13,583.5
2007-02-14,580.75
2007-02-15,580
2007-02-16,589.5
2007-02-20,587.75
2007-02-21,598.75
2007-02-22,607
2007-02-23,602.75
2007-02-26,598
2007-02-27,583.5
2007-02-28,594.75
2007-03-01,587.25
2007-03-02,580.25
2007-03-05,586
2007-03-06,581.25
2007-03-07,583.75
2007-03-08,580.75
2007-03-09,576.75
2007-03-12,568.5
2007-03-13,566
2007-03-14,564
2007-03-15,557
2007-03-16,558.75
2007-03-19,557.25
2007-03-20,564.5
2007-03-21,569
2007-03-22,568.75
2007-03-23,562.5
2007-03-26,550.25
2007-03-27,551.75
2007-03-28,547.75
2007-03-29,553.75
2007-03-30,533.75
2007-04-02,514
2007-04-03,505.5
2007-04-04,518.5
2007-04-05,525.25
2007-04-09,522.75
2007-04-10,528.25
2007-04-11,520
2007-04-12,518
2007-04-13,528.25
2007-04-16,523.5
2007-04-17,512.5
2007-04-18,522.75
2007-04-19,530.5
2007-04-20,519.75
2007-04-23,511.5
2007-04-24,519.75
2007-04-25,530.5
2007-04-26,524
2007-04-27,523.5
2007-04-30,517.25
2007-05-01,527.25
2007-05-02,531.75
2007-05-03,539
2007-05-04,540.5
2007-05-07,528.75
2007-05-08,513.25
2007-05-09,516
2007-05-10,504.25
2007-05-11,519
2007-05-14,513
2007-05-15,521.25
2007-05-16,525.75
2007-05-17,522.75
2007-05-18,521
2007-05-21,530.75
2007-05-22,519.25
2007-05-23,518.25
2007-05-24,526.25
2007-05-25,525.75
2007-05-29,514.5
2007-05-30,532
2007-05-31,540
2007-06-01,536.5
2007-06-04,533.5
2007-06-05,530
2007-06-06,524.5
2007-06-07,534.5
2007-06-08,531.75
2007-06-11,545.75
2007-06-12,543.25
2007-06-13,554.25
2007-06-14,559.25
2007-06-15,568.75
2007-06-18,565.75
2007-06-19,545.75
2007-06-20,544
2007-06-21,534.75
2007-06-22,517.25
2007-06-25,507.5
2007-06-26,506.25
2007-06-27,493.5
2007-06-28,489.25
2007-06-29,479.25
2007-07-02,479
2007-07-03,467.75
2007-07-05,471.75
2007-07-06,480.75
2007-07-09,478.5
2007-07-10,484.75
2007-07-11,482.25
2007-07-12,490.75
2007-07-13,494
2007-07-16,474
2007-07-17,461.75
2007-07-18,466.25
2007-07-19,460.5
2007-07-20,457.5
2007-07-23,449.25
2007-07-24,450.75
2007-07-25,450.75
2007-07-26,456.75
2007-07-27,460.25
2007-07-30,462.75
2007-07-31,465
2007-08-01,458.25
2007-08-02,463.25
2007-08-03,465.75
2007-08-06,465
2007-08-07,474.5
2007-08-08,480.25
2007-08-09,471.5
2007-08-10,472.25
2007-08-13,470.25
2007-08-14,466.75
2007-08-15,467.25
2007-08-16,460.75
2007-08-17,467.75
2007-08-20,471
2007-08-21,477.75
2007-08-22,486.75
2007-08-23,484.5
2007-08-24,480.75
2007-08-27,475
2007-08-28,466.5
2007-08-29,462
2007-08-30,462
2007-08-31,462.25
2007-09-04,475.5
2007-09-05,468
2007-09-06,461.5
2007-09-07,469.75
2007-09-10,468.25
2007-09-11,463.5
2007-09-12,478.75
2007-09-13,469
2007-09-14,471.25
2007-09-17,474.5
2007-09-18,474.5
2007-09-19,480.5
2007-09-20,491.5
2007-09-21,498.75
2007-09-24,495.75
2007-09-25,494
2007-09-26,497.25
2007-09-27,509
2007-09-28,495.25
2007-10-01,491
2007-10-02,471
2007-10-03,466.75
2007-10-04,464.5
2007-10-05,464.5
2007-10-08,462
2007-10-09,464.75
2007-10-10,469.5
2007-10-11,466
2007-10-12,473.25
2007-10-15,484.25
2007-10-16,482.75
2007-10-17,480.25
2007-10-18,489.5
2007-10-19,492.5
2007-10-22,486.75
2007-10-23,483.25
2007-10-24,478.75
2007-10-25,488.5
2007-10-26,494.25
2007-10-29,498.25
2007-10-30,492.5
2007-10-31,497.75
2007-11-01,491
2007-11-02,499.25
2007-11-05,497.5
2007-11-06,508
2007-11-07,506.5
2007-11-08,511.75
2007-11-09,509
2007-11-12,501.25
2007-11-13,497
2007-11-14,505.25
2007-11-15,497
2007-11-16,501.75
2007-11-19,499.75
2007-11-20,503.5
2007-11-21,504.25
2007-11-23,511.25
2007-11-26,508
2007-11-27,505.75
2007-11-28,509.5
2007-11-29,505.75
2007-11-30,506.5
2007-12-03,508.5
2007-12-04,516.25
2007-12-05,516.25
2007-12-06,517
2007-12-07,522.25
2007-12-10,522.75
2007-12-11,529
2007-12-12,538.25
2007-12-13,540
2007-12-14,543.25
2007-12-17,543.75
2007-12-18,537
2007-12-19,539.75
2007-12-20,542.5
2007-12-21,548.5
2007-12-24,549
2007-12-26,557.25
2007-12-27,559.75
2007-12-28,557
2007-12-31,560.5
2008-01-02,567.5
2008-01-03,571
2008-01-04,571.75
2008-01-07,571.25
2008-01-08,583.75
2008-01-09,582.25
2008-01-10,580
2008-01-11,600
2008-01-14,617
2008-01-15,614
2008-01-16,607.5
2008-01-17,607
2008-01-18,603.25
2008-01-22,594.25
2008-01-23,574.25
2008-01-24,594.25
2008-01-25,603.25
2008-01-28,607.25
2008-01-29,606
2008-01-30,603.5
2008-01-31,606.25
2008-02-01,605.5
2008-02-04,615.5
2008-02-05,614.25
2008-02-06,606.5
2008-02-07,604.5
2008-02-08,613
2008-02-11,608.5
2008-02-12,602.75
2008-02-13,602
2008-02-14,616
2008-02-15,619.75
2008-02-19,625
2008-02-20,628.5
2008-02-21,629.5
2008-02-22,627.25
2008-02-25,638.25
2008-02-26,635.5
2008-02-27,630
2008-02-28,648.25
2008-02-29,648.5
2008-03-03,658.5
2008-03-04,646.5
2008-03-05,659
2008-03-06,659.25
2008-03-07,639.25
2008-03-10,657.75
2008-03-11,664.5
2008-03-12,659.25
2008-03-13,661.5
2008-03-14,651.25
2008-03-17,631.25
2008-03-18,639.25
2008-03-19,619.25
2008-03-20,599.5
2008-03-24,616.75
2008-03-25,636.75
2008-03-26,644.25
2008-03-27,647.5
2008-03-28,652.5
2008-03-31,659.25
2008-04-01,676
2008-04-02,687.75
2008-04-03,692
2008-04-04,690
2008-04-07,682
2008-04-08,683.25
2008-04-09,697
2008-04-10,686.25
2008-04-11,676.25
2008-04-14,683.75
2008-04-15,698
2008-04-16,695.5
2008-04-17,695.5
2008-04-18,691.5
2008-04-21,672.25
2008-04-22,686.25
2008-04-23,679.75
2008-04-24,668.25
2008-04-25,669.25
2008-04-28,692
2008-04-29,683.25
2008-04-30,691
2008-05-01,696
2008-05-02,692.25
2008-05-05,672.75
2008-05-06,685
2008-05-07,691.75
2008-05-08,709
2008-05-09,708
2008-05-12,693.5
2008-05-13,686
2008-05-14,675
2008-05-15,677.75
2008-05-16,669.75
2008-05-19,665.5
2008-05-20,668.5
2008-05-21,686
2008-05-22,674.5
2008-05-23,678.5
2008-05-27,676.75
2008-05-28,671.25
2008-05-29,661
2008-05-30,678
2008-06-02,694.5
2008-06-03,686.75
2008-06-04,693.25
2008-06-05,722
2008-06-06,729.5
2008-06-09,736
2008-06-10,752
2008-06-11,782
2008-06-12,787.75
2008-06-13,810.5
2008-06-16,811.25
2008-06-17,821
2008-06-18,825
2008-06-19,806.5
2008-06-20,800
2008-06-23,803
2008-06-24,791.25
2008-06-25,809.25
2008-06-26,832.5
2008-06-27,833.5
2008-06-30,816.5
2008-07-01,811
2008-07-02,839.75
2008-07-03,836.5
2008-07-07,806.5
2008-07-08,783.25
2008-07-09,773.5
2008-07-10,765.25
2008-07-11,769.75
2008-07-14,742.5
2008-07-15,727
2008-07-16,737.25
2008-07-17,710
2008-07-18,688.25
2008-07-21,668
2008-07-22,652.25
2008-07-23,650.25
2008-07-24,651.75
2008-07-25,656
2008-07-28,660.75
2008-07-29,672.75
2008-07-30,680.25
2008-07-31,666.25
2008-08-01,643.75
2008-08-04,614.25
2008-08-05,604
2008-08-06,586.75
2008-08-07,601
2008-08-08,577.25
2008-08-11,576
2008-08-12,587.75
2008-08-13,617.75
2008-08-14,636.5
2008-08-15,608.5
2008-08-18,631.75
2008-08-19,643.5
2008-08-20,654
2008-08-21,676.5
2008-08-22,665.25
2008-08-25,659
2008-08-26,654
2008-08-27,656.25
2008-08-28,648.75
2008-08-29,646
2008-09-02,630.25
2008-09-03,623.25
2008-09-04,625.5
2008-09-05,609.5
2008-09-08,610
2008-09-09,605.5
2008-09-10,597.75
2008-09-11,594.25
2008-09-12,624.25
2008-09-15,623
2008-09-16,593.25
2008-09-17,615
2008-09-18,588.25
2008-09-19,604.75
2008-09-22,619.5
2008-09-23,621.25
2008-09-24,624
2008-09-25,619.25
2008-09-26,604
2008-09-29,574
2008-09-30,548.5
2008-10-01,545
2008-10-02,515.75
2008-10-03,516.25
2008-10-06,485
2008-10-07,478
2008-10-08,488.5
2008-10-09,499.25
2008-10-10,469.25
2008-10-13,472.5
2008-10-14,472.25
2008-10-15,449
2008-10-16,445.5
2008-10-17,464
2008-10-20,479.5
2008-10-21,472
2008-10-22,446
2008-10-23,451.25
2008-10-24,433.75
2008-10-27,446.25
2008-10-28,451.75
2008-10-29,481.75
2008-10-30,470.5
2008-10-31,462.5
2008-11-03,464
2008-11-04,474
2008-11-05,451.25
2008-11-06,439
2008-11-07,436.5
2008-11-10,444.5
2008-11-11,435.25
2008-11-12,430.5
2008-11-13,438
2008-11-14,441.25
2008-11-17,446.75
2008-11-18,441
2008-11-19,439.75
2008-11-20,424.75
2008-11-21,399.5
2008-11-24,415.5
2008-11-25,414.5
2008-11-26,415
2008-11-28,409.75
2008-12-01,392.75
2008-12-02,392.25
2008-12-03,392.25
2008-12-04,378
2008-12-05,353.25
2008-12-08,374
2008-12-09,371.75
2008-12-10,386
2008-12-11,395.5
2008-12-12,417.5
2008-12-15,419.25
2008-12-16,438
2008-12-17,433.5
2008-12-18,433.5
2008-12-19,424.75
2008-12-22,425.75
2008-12-23,438.75
2008-12-24,442
2008-12-26,456.25
2008-12-29,437.5
2008-12-30,440.25
2008-12-31,451
2009-01-02,456.25
2009-01-05,455.25
2009-01-06,471.5
2009-01-07,460.5
2009-01-08,450.75
2009-01-09,454.75
2009-01-12,424.75
2009-01-13,406.5
2009-01-14,410.5
2009-01-15,409.25
2009-01-16,435
2009-01-20,427.5
2009-01-21,434.25
2009-01-22,431.5
2009-01-23,434.5
2009-01-26,437.75
2009-01-27,421.5
2009-01-28,428.5
2009-01-29,425.75
2009-01-30,423
2009-02-02,414.5
2009-02-03,405.75
2009-02-04,402.25
2009-02-05,415.25
2009-02-06,421.25
2009-02-09,421.5
2009-02-10,420.75
2009-02-11,412.5
2009-02-12,410.25
2009-02-13,407.25
2009-02-17,393.25
2009-02-18,393.25
2009-02-19,397.25
2009-02-20,394.25
2009-02-23,395.75
2009-02-24,398.25
2009-02-25,407.75
2009-02-26,406
2009-02-27,392
2009-03-02,383.25
2009-03-03,383.5
2009-03-04,396.5
2009-03-05,391.5
2009-03-06,394.5
2009-03-09,398.5
2009-03-10,408.5
2009-03-11,397.5
2009-03-12,418.25
2009-03-13,421.5
2009-03-16,424.5
2009-03-17,423.5
2009-03-18,421.25
2009-03-19,429.5
2009-03-20,429.5
2009-03-23,428.5
2009-03-24,426.75
2009-03-25,418.75
2009-03-26,423.75
2009-03-27,420
2009-03-30,419.25
2009-03-31,437.75
2009-04-01,429
2009-04-02,435.5
2009-04-03,437.5
2009-04-06,438.5
2009-04-07,429.25
2009-04-08,430
2009-04-09,423.25
2009-04-13,420.5
2009-04-14,427.25
2009-04-15,417.5
2009-04-16,418.75
2009-04-17,409.25
2009-04-20,402.5
2009-04-21,407
2009-04-22,406.5
2009-04-23,414
2009-04-24,410
2009-04-27,405.25
2009-04-28,408
2009-04-29,426
2009-04-30,428.25
2009-05-01,438.5
2009-05-04,430.25
2009-05-05,430
2009-05-06,432.25
2009-05-07,436.75
2009-05-08,445.75
2009-05-11,446
2009-05-12,452.25
2009-05-13,451.25
2009-05-14,453
2009-05-15,442
2009-05-18,446.25
2009-05-19,450.5
2009-05-20,450.75
2009-05-21,448.75
2009-05-22,455
2009-05-26,452.25
2009-05-27,450.75
2009-05-28,453.5
2009-05-29,461
2009-06-01,470.5
2009-06-02,474.25
2009-06-03,457.25
2009-06-04,473.25
2009-06-05,468.75
2009-06-08,459.75
2009-06-09,468.75
2009-06-10,460.5
2009-06-11,465.75
2009-06-12,450.25
2009-06-15,430.75
2009-06-16,428.75
2009-06-17,432.5
2009-06-18,428
2009-06-19,424
2009-06-22,410
2009-06-23,413.75
2009-06-24,411.25
2009-06-25,407.25
2009-06-26,409
2009-06-29,401.75
2009-06-30,371.75
2009-07-01,373.75
2009-07-02,363
2009-07-06,352
2009-07-07,342.75
2009-07-08,342.5
2009-07-09,346.75
2009-07-10,345.5
2009-07-13,349
2009-07-14,355.75
2009-07-15,346.75
2009-07-16,334
2009-07-17,339.5
2009-07-20,340.5
2009-07-21,328.75
2009-07-22,325.25
2009-07-23,344.25
2009-07-24,333.5
2009-07-27,339.5
2009-07-28,337.75
2009-07-29,338
2009-07-30,349.5
2009-07-31,356.75
2009-08-03,375.25
2009-08-04,371.75
2009-08-05,364.25
2009-08-06,349.75
2009-08-07,339.25
2009-08-10,341.5
2009-08-11,343.75
2009-08-12,348
2009-08-13,341.75
2009-08-14,336.5
2009-08-17,331.5
2009-08-18,331.75
2009-08-19,337.25
2009-08-20,335.75
2009-08-21,339
2009-08-24,346.75
2009-08-25,338.75
2009-08-26,337.75
2009-08-27,340.25
2009-08-28,338.25
2009-08-31,339
2009-09-01,328.5
2009-09-02,328.5
2009-09-03,325
2009-09-04,315.5
2009-09-08,316.75
2009-09-09,319
2009-09-10,324.5
2009-09-11,329
2009-09-14,327
2009-09-15,355.75
2009-09-16,345.5
2009-09-17,338.25
2009-09-18,327.25
2009-09-21,325.25
2009-09-22,335
2009-09-23,339.5
2009-09-24,345.75
2009-09-25,343.25
2009-09-28,348
2009-09-29,350.25
2009-09-30,353.25
2009-10-01,349.75
2009-10-02,342.75
2009-10-05,350.75
2009-10-06,367.5
2009-10-07,369
2009-10-08,373.25
2009-10-09,371.5
2009-10-12,390.5
2009-10-13,391
2009-10-14,392.25
2009-10-15,382.25
2009-10-16,381.25
2009-10-19,395.5
2009-10-20,393.75
2009-10-21,407.5
2009-10-22,412.75
2009-10-23,407
2009-10-26,387.25
2009-10-27,380
2009-10-28,378.25
2009-10-29,388.75
2009-10-30,375.25
2009-11-02,391.5
2009-11-03,399.25
2009-11-04,393.25
2009-11-05,385.75
2009-11-06,376.25
2009-11-09,395.25
2009-11-10,403.75
2009-11-11,403.25
2009-11-12,399.75
2009-11-13,399.75
2009-11-16,411.5
2009-11-17,411.25
2009-11-18,407.25
2009-11-19,404.25
2009-11-20,400.25
2009-11-23,396.5
2009-11-24,385.25
2009-11-25,401.25
2009-11-27,406.5
2009-11-30,410.5
2009-12-01,407.5
2009-12-02,399.5
2009-12-03,393.75
2009-12-04,381.5
2009-12-07,376.75
2009-12-08,378
2009-12-09,376.5
2009-12-10,386
2009-12-11,397.5
2009-12-14,401.5
2009-12-15,400.5
2009-12-16,403.25
2009-12-17,390
2009-12-18,390.75
2009-12-21,393
2009-12-22,391.75
2009-12-23,397.75
2009-12-24,401.5
2009-12-28,409
2009-12-29,410
2009-12-30,406.75
2009-12-31,407.5
2010-01-04,411.5
2010-01-05,411.75
2010-01-06,414.75
2010-01-07,410.5
2010-01-08,416
2010-01-11,415.5
2010-01-12,385.5
2010-01-13,377
2010-01-14,374
2010-01-15,364.5
2010-01-19,362.25
2010-01-20,361
2010-01-21,365
2010-01-22,357.75
2010-01-25,360.75
2010-01-26,355.25
2010-01-27,351.25
2010-01-28,354.75
2010-01-29,349.5
2010-02-01,352
2010-02-02,358
2010-02-03,346
2010-02-04,347
2010-02-05,344.5
2010-02-08,349
2010-02-09,351.5
2010-02-10,354.75
2010-02-11,356.25
2010-02-12,354.5
2010-02-16,360.25
2010-02-17,353
2010-02-18,350.25
2010-02-19,353
2010-02-22,364.5
2010-02-23,360.75
2010-02-24,368.25
2010-02-25,365.25
2010-02-26,371
2010-03-01,363.75
2010-03-02,363.5
2010-03-03,368.75
2010-03-04,365
2010-03-05,357.5
2010-03-08,357
2010-03-09,351
2010-03-10,347.5
2010-03-11,347.25
2010-03-12,346.25
2010-03-15,345.25
2010-03-16,348.75
2010-03-17,356
2010-03-18,358
2010-03-19,356.5
2010-03-22,352.75
2010-03-23,344.75
2010-03-24,347
2010-03-25,337
2010-03-26,338.25
2010-03-29,339
2010-03-30,336.5
2010-03-31,327
2010-04-01,326.5
2010-04-05,327.75
2010-04-06,328.5
2010-04-07,338.5
2010-04-08,330.25
2010-04-09,327.75
2010-04-12,330.25
2010-04-13,334.5
2010-04-14,340
2010-04-15,345.25
2010-04-16,346
2010-04-19,329.75
2010-04-20,337.5
2010-04-21,341.25
2010-04-22,344.25
2010-04-23,335
2010-04-26,334.25
2010-04-27,329.5
2010-04-28,339
2010-04-29,342.5
2010-04-30,348.75
2010-05-03,345
2010-05-04,342.5
2010-05-05,346.5
2010-05-06,344.75
2010-05-07,345.5
2010-05-10,344
2010-05-11,350.5
2010-05-12,351.75
2010-05-13,346.5
2010-05-14,336.5
2010-05-17,329.5
2010-05-18,333.25
2010-05-19,332.75
2010-05-20,335.5
2010-05-21,342.5
2010-05-24,344.5
2010-05-25,337.75
2010-05-26,345
2010-05-27,346.75
2010-05-28,332.5
2010-06-01,327.5
2010-06-02,322
2010-06-03,323
2010-06-04,313.5
2010-06-07,309.25
2010-06-08,310.75
2010-06-09,311.75
2010-06-10,316.75
2010-06-11,323
2010-06-14,327.25
2010-06-15,327.25
2010-06-16,329.75
2010-06-17,331
2010-06-18,334.25
2010-06-21,328.5
2010-06-22,325
2010-06-23,320
2010-06-24,318.25
2010-06-25,314
2010-06-28,307.25
2010-06-29,298.5
2010-06-30,328
2010-07-01,338.5
2010-07-02,337.75
2010-07-06,333.25
2010-07-07,343.5
2010-07-08,350.75
2010-07-09,348.75
2010-07-12,345
2010-07-13,340.5
2010-07-14,349.5
2010-07-15,357.75
2010-07-16,360
2010-07-19,346.75
2010-07-20,339.25
2010-07-21,345
2010-07-22,341.75
2010-07-23,336.5
2010-07-26,329.25
2010-07-27,328
2010-07-28,341.5
2010-07-29,344.5
2010-07-30,358
2010-08-02,355.75
2010-08-03,354.75
2010-08-04,365.5
2010-08-05,368.75
2010-08-06,370.25
2010-08-09,368.25
2010-08-10,358.75
2010-08-11,360.75
2010-08-12,371.5
2010-08-13,377
2010-08-16,372.5
2010-08-17,380
2010-08-18,383.75
2010-08-19,379.5
2010-08-20,386.5
2010-08-23,382.5
2010-08-24,370.5
2010-08-25,370
2010-08-26,381.75
2010-08-27,386.25
2010-08-30,390.75
2010-08-31,388.5
2010-09-01,396
2010-09-02,396.75
2010-09-03,413.75
2010-09-07,415.5
2010-09-08,411.75
2010-09-09,420
2010-09-10,427.5
2010-09-13,432.75
2010-09-14,444.25
2010-09-15,444.5
2010-09-16,445.25
2010-09-17,462.5
2010-09-20,457.5
2010-09-21,454.5
2010-09-22,454.25
2010-09-23,448.5
2010-09-24,471
2010-09-27,462
2010-09-28,449.25
2010-09-29,454.25
2010-09-30,445
2010-10-01,415
2010-10-04,420.75
2010-10-05,440.25
2010-10-06,437.75
2010-10-07,447.5
2010-10-08,477.5
2010-10-11,505
2010-10-12,528.25
2010-10-13,518.5
2010-10-14,516.5
2010-10-15,512.25
2010-10-18,506.5
2010-10-19,495.25
2010-10-20,522.75
2010-10-21,513.5
2010-10-22,509.25
2010-10-25,518
2010-10-26,520.25
2010-10-27,526.5
2010-10-28,528.25
2010-10-29,531.25
2010-11-01,526.5
2010-11-02,525
2010-11-03,530.25
2010-11-04,539.25
2010-11-05,537
2010-11-08,534.5
2010-11-09,525.5
2010-11-10,516
2010-11-11,513.25
2010-11-12,483.25
2010-11-15,504.75
2010-11-16,475.75
2010-11-17,475
2010-11-18,491
2010-11-19,470
2010-11-22,464.5
2010-11-23,477.75
2010-11-24,488
2010-11-26,487.5
2010-11-29,502.5
2010-11-30,478.25
2010-12-01,500.5
2010-12-02,489.75
2010-12-03,507.75
2010-12-06,502.25
2010-12-07,496
2010-12-08,508.75
2010-12-09,508.5
2010-12-10,508.5
2010-12-13,522.75
2010-12-14,521.5
2010-12-15,518.5
2010-12-16,521.75
2010-12-17,530.75
2010-12-20,533.75
2010-12-21,536.5
2010-12-22,543.25
2010-12-23,548.25
2010-12-27,549.5
2010-12-28,557.5
2010-12-29,558.25
2010-12-30,550.25
2010-12-31,563.25
2011-01-03,554.75
2011-01-04,542.75
2011-01-05,553.5
2011-01-06,536.25
2011-01-07,529.25
2011-01-10,541.25
2011-01-11,541.25
2011-01-12,565.25
2011-01-13,576.75
2011-01-14,583
2011-01-18,593.75
2011-01-19,575.5
2011-01-20,588.25
2011-01-21,591.5
2011-01-24,589.5
2011-01-25,578.25
2011-01-26,592
2011-01-27,585
2011-01-28,578.25
2011-01-31,593.75
2011-02-01,600.25
2011-02-02,603.5
2011-02-03,596.75
2011-02-04,612.75
2011-02-07,609
2011-02-08,608
2011-02-09,632.25
2011-02-10,632.75
2011-02-11,640.75
2011-02-14,630
2011-02-15,624.75
2011-02-16,624.75
2011-02-17,647
2011-02-18,644
2011-02-22,614
2011-02-23,625.75
2011-02-24,620
2011-02-25,646.25
2011-02-28,655.25
2011-03-01,659.75
2011-03-02,645.75
2011-03-03,661
2011-03-04,652.25
2011-03-07,641.75
2011-03-08,629.75
2011-03-09,625.25
2011-03-10,607
2011-03-11,588.5
2011-03-14,590.25
2011-03-15,560.25
2011-03-16,540.75
2011-03-17,570.75
2011-03-18,607.75
2011-03-21,610.75
2011-03-22,611
2011-03-23,605.25
2011-03-24,626.75
2011-03-25,613.75
2011-03-28,595.25
2011-03-29,596
2011-03-30,587.5
2011-03-31,617.5
2011-04-01,660.25
2011-04-04,684.5
2011-04-05,691
2011-04-06,687.25
2011-04-07,683.25
2011-04-08,692.25
2011-04-11,700.25
2011-04-12,676.75
2011-04-13,679.75
2011-04-14,678.5
2011-04-15,666.25
2011-04-18,676
2011-04-19,673.25
2011-04-20,657
2011-04-21,661.5
2011-04-25,686.75
2011-04-26,690.5
2011-04-27,676.5
2011-04-28,647.25
2011-04-29,674.5
2011-05-02,652.5
2011-05-03,641.75
2011-05-04,647.5
2011-05-05,626.75
2011-05-06,604.25
2011-05-09,625.5
2011-05-10,625.25
2011-05-11,595.25
2011-05-12,598.5
2011-05-13,600
2011-05-16,615.5
2011-05-17,638.25
2011-05-18,667.75
2011-05-19,666.25
2011-05-20,677.5
2011-05-23,672
2011-05-24,651.25
2011-05-25,660.25
2011-05-26,663.5
2011-05-27,676.5
2011-05-31,665.5
2011-06-01,676.5
2011-06-02,684.5
2011-06-03,672
2011-06-06,650
2011-06-07,654.5
2011-06-08,682
2011-06-09,703.5
2011-06-10,705
2011-06-13,700.5
2011-06-14,673.5
2011-06-15,643.75
2011-06-16,619.5
2011-06-17,618.25
2011-06-20,618.5
2011-06-21,625.5
2011-06-22,595.5
2011-06-23,598.5
2011-06-24,588
2011-06-27,578.75
2011-06-28,601
2011-06-29,616
2011-06-30,586
2011-07-01,544.75
2011-07-05,563.5
2011-07-06,556.75
2011-07-07,563
2011-07-08,580.25
2011-07-11,581
2011-07-12,602
2011-07-13,624.75
2011-07-14,628.75
2011-07-15,639.25
2011-07-18,634.25
2011-07-19,636
2011-07-20,626
2011-07-21,617.25
2011-07-22,628
2011-07-25,616.75
2011-07-26,627.75
2011-07-27,629.5
2011-07-28,620.25
2011-07-29,603.5
2011-08-01,619.25
2011-08-02,649.25
2011-08-03,644
2011-08-04,631.75
2011-08-05,631
2011-08-08,613.25
2011-08-09,616.25
2011-08-10,616
2011-08-11,640.5
2011-08-12,639.75
2011-08-15,645.25
2011-08-16,652
2011-08-17,649.5
2011-08-18,637
2011-08-19,649
2011-08-22,658.5
2011-08-23,668.25
2011-08-24,669.75
2011-08-25,670.25
2011-08-26,690.5
2011-08-29,694.25
2011-08-30,701.5
2011-08-31,693.75
2011-09-01,664.75
2011-09-02,686.25
2011-09-06,682
2011-09-07,674.25
2011-09-08,660.25
2011-09-09,662.75
2011-09-12,671.75
2011-09-13,649.25
2011-09-14,650.5
2011-09-15,627.25
2011-09-16,618.25
2011-09-19,618.5
2011-09-20,616.5
2011-09-21,612
2011-09-22,576.25
2011-09-23,564.75
2011-09-26,574.25
2011-09-27,578.5
2011-09-28,557
2011-09-29,558.75
2011-09-30,518.75
2011-10-03,518.75
2011-10-04,514
2011-10-05,531.75
2011-10-06,531.75
2011-10-07,526.25
2011-10-10,531.25
2011-10-11,571.25
2011-10-12,567
2011-10-13,564.5
2011-10-14,566.25
2011-10-17,566.75
2011-10-18,570.25
2011-10-19,564.75
2011-10-20,575.75
2011-10-21,575.5
2011-10-24,577.25
2011-10-25,577
2011-10-26,563.5
2011-10-27,577.75
2011-10-28,581.25
2011-10-31,573.25
2011-11-01,580.5
2011-11-02,571.25
2011-11-03,579.75
2011-11-04,582
2011-11-07,579.5
2011-11-08,586.75
2011-11-09,582.25
2011-11-10,571.75
2011-11-11,564.75
2011-11-14,559.75
2011-11-15,571.75
2011-11-16,569
2011-11-17,540.75
2011-11-18,536.5
2011-11-21,524
2011-11-22,525.25
2011-11-23,515
2011-11-25,508.75
2011-11-28,518
2011-11-29,524.25
2011-11-30,526.75
2011-12-01,520.25
2011-12-02,514
2011-12-05,509.75
2011-12-06,515.25
2011-12-07,511.5
2011-12-08,519
2011-12-09,513
2011-12-12,512.75
2011-12-13,513.25
2011-12-14,499.5
2011-12-15,497.75
2011-12-16,501.75
2011-12-19,519.75
2011-12-20,525.75
2011-12-21,535.25
2011-12-22,536.25
2011-12-23,538.25
2011-12-27,552
2011-12-28,561.25
2011-12-29,556.75
2011-12-30,565.25
2012-01-03,577.25
2012-01-04,577.25
2012-01-05,562.25
2012-01-06,562.25
2012-01-09,570.75
2012-01-10,570.75
2012-01-11,570.25
2012-01-12,530.25
2012-01-13,518.25
2012-01-17,522.75
2012-01-18,512.25
2012-01-19,524.75
2012-01-20,530.25
2012-01-23,538.75
2012-01-24,549
2012-01-25,553.25
2012-01-26,553.25
2012-01-27,560.5
2012-01-30,550.5
2012-01-31,557.75
2012-02-01,560.75
2012-02-02,561.75
2012-02-03,563.25
2012-02-06,563
2012-02-07,561
2012-02-08,561.25
2012-02-09,555.75
2012-02-10,550.5
2012-02-13,558.25
2012-02-14,552.25
2012-02-15,545.75
2012-02-16,555
2012-02-17,560.5
2012-02-21,548.25
2012-02-22,557
2012-02-23,558.25
2012-02-24,559.5
2012-02-27,563.25
2012-02-28,572.25
2012-02-29,573
2012-03-01,569
2012-03-02,570
2012-03-05,575.75
2012-03-06,569
2012-03-07,553.75
2012-03-08,550.5
2012-03-09,560
2012-03-12,574.5
2012-03-13,577
2012-03-14,573.75
2012-03-15,584
2012-03-16,588
2012-03-19,578.5
2012-03-20,562.5
2012-03-21,557
2012-03-22,559.5
2012-03-23,561.5
2012-03-26,552.75
2012-03-27,545.75
2012-03-28,535.25
2012-03-29,519
2012-03-30,559
2012-04-02,570
2012-04-03,573.25
2012-04-04,571.75
2012-04-05,573.25
2012-04-09,564
2012-04-10,549.75
2012-04-11,551
2012-04-12,552.5
2012-04-13,544.25
2012-04-16,538.25
2012-04-17,531.75
2012-04-18,516.75
2012-04-19,536
2012-04-20,527.5
2012-04-23,537.5
2012-04-24,533.25
2012-04-25,526
2012-04-26,539
2012-04-27,568
2012-04-30,576.75
2012-05-01,571.5
2012-05-02,554
2012-05-03,557
2012-05-04,562.75
2012-05-07,562.5
2012-05-08,565.5
2012-05-09,549.75
2012-05-10,530
2012-05-11,523.5
2012-05-14,525.5
2012-05-15,539.75
2012-05-16,562.5
2012-05-17,567.5
2012-05-18,578
2012-05-21,575.5
2012-05-22,539.5
2012-05-23,546
2012-05-24,521
2012-05-25,521
2012-05-29,505
2012-05-30,502
2012-05-31,497.75
2012-06-01,494
2012-06-04,510.5
2012-06-05,510
2012-06-06,528.75
2012-06-07,536.5
2012-06-08,540.5
2012-06-11,534.5
2012-06-12,526.5
2012-06-13,535
2012-06-14,544
2012-06-15,522
2012-06-18,542
2012-06-19,555
2012-06-20,554.25
2012-06-21,529
2012-06-22,533.5
2012-06-25,573.5
2012-06-26,588.5
2012-06-27,592
2012-06-28,594.5
2012-06-29,596.75
2012-07-02,620.5
2012-07-03,642.25
2012-07-05,677
2012-07-06,663.5
2012-07-09,700.25
2012-07-10,686.75
2012-07-11,672.25
2012-07-12,699.5
2012-07-13,708.75
2012-07-16,745
2012-07-17,747.75
2012-07-18,763.25
2012-07-19,776
2012-07-20,792.75
2012-07-23,782.25
2012-07-24,758.25
2012-07-25,762.75
2012-07-26,749.5
2012-07-27,766.75
2012-07-30,788.25
2012-07-31,774.75
2012-08-01,768.75
2012-08-02,762.25
2012-08-03,778.25
2012-08-06,771.25
2012-08-07,764.25
2012-08-08,779
2012-08-09,786.5
2012-08-10,768.25
2012-08-13,751
2012-08-14,748
2012-08-15,762.25
2012-08-16,766
2012-08-17,766.75
2012-08-20,783.5
2012-08-21,799.5
2012-08-22,798.5
2012-08-23,777
2012-08-24,770.5
2012-08-27,762.75
2012-08-28,757.75
2012-08-29,775.75
2012-08-30,770.75
2012-08-31,762
2012-09-04,767.25
2012-09-05,753
2012-09-06,760.75
2012-09-07,761.75
2012-09-10,745.5
2012-09-11,740
2012-09-12,731.75
2012-09-13,736
2012-09-14,744.25
2012-09-17,710.25
2012-09-18,702.25
2012-09-19,718.75
2012-09-20,708.25
2012-09-21,710.5
2012-09-24,707
2012-09-25,706
2012-09-26,687
2012-09-27,678.5
2012-09-28,718.5
2012-10-01,719
2012-10-02,720.5
2012-10-03,719
2012-10-04,719.25
2012-10-05,710.25
2012-10-08,704.25
2012-10-09,704.25
2012-10-10,699
2012-10-11,735.5
2012-10-12,715
2012-10-15,699.5
2012-10-16,700.5
2012-10-17,707.75
2012-10-18,723
2012-10-19,723.75
2012-10-22,723.5
2012-10-23,718.25
2012-10-24,716.75
2012-10-25,704.25
2012-10-26,700
2012-10-29,699.25
2012-10-30,704
2012-10-31,718
2012-11-01,713.25
2012-11-02,701.75
2012-11-05,697.75
2012-11-06,703.25
2012-11-07,706.5
2012-11-08,703.5
2012-11-09,701
2012-11-12,680.25
2012-11-13,685.75
2012-11-14,688
2012-11-15,683.5
2012-11-16,689.25
2012-11-19,701
2012-11-20,705.5
2012-11-21,703.25
2012-11-23,707.75
2012-11-26,709.5
2012-11-27,722.25
2012-11-28,722.25
2012-11-29,717
2012-11-30,711
2012-12-03,713
2012-12-04,710.25
2012-12-05,716
2012-12-06,709.75
2012-12-07,695.5
2012-12-10,688.25
2012-12-11,686.25
2012-12-12,683.75
2012-12-13,678.5
2012-12-14,689
2012-12-17,682.25
2012-12-18,678.25
2012-12-19,661.25
2012-12-20,654.75
2012-12-21,660.25
2012-12-24,662.5
2012-12-26,651.5
2012-12-27,649.75
2012-12-28,652.25
2012-12-31,656.5
2013-01-02,649
2013-01-03,647.5
2013-01-04,638.5
2013-01-07,643.75
2013-01-08,647
2013-01-09,652.5
2013-01-10,657
2013-01-11,667
2013-01-14,682.25
2013-01-15,688.75
2013-01-16,689.5
2013-01-17,682.75
2013-01-18,685.75
2013-01-22,686.75
2013-01-23,679
2013-01-24,682.5
2013-01-25,679
2013-01-28,687.5
2013-01-29,687.75
2013-01-30,698.5
2013-01-31,698.75
2013-02-01,694.25
2013-02-04,692.5
2013-02-05,687.25
2013-02-06,680.75
2013-02-07,669
2013-02-08,667.25
2013-02-11,660.5
2013-02-12,654.5
2013-02-13,653.75
2013-02-14,653
2013-02-15,657
2013-02-19,653.5
2013-02-20,658.75
2013-02-21,649
2013-02-22,648.5
2013-02-25,651.75
2013-02-26,661
2013-02-27,661.5
2013-02-28,669.75
2013-03-01,674.75
2013-03-04,669.5
2013-03-05,675.25
2013-03-06,654.75
2013-03-07,657.5
2013-03-08,669.75
2013-03-11,677.5
2013-03-12,680.5
2013-03-13,676.5
2013-03-14,682.75
2013-03-15,683.25
2013-03-18,686.25
2013-03-19,694.75
2013-03-20,698.75
2013-03-21,699.25
2013-03-22,692.5
2013-03-25,699.5
2013-03-26,696.5
2013-03-27,701.5
2013-03-28,661.5
2013-04-01,608.5
2013-04-02,606.75
2013-04-03,607.75
2013-04-04,596.25
2013-04-05,595.25
2013-04-08,599.75
2013-04-09,610.5
2013-04-10,615.25
2013-04-11,617.5
2013-04-12,624.75
2013-04-15,613
2013-04-16,629.5
2013-04-17,626.75
2013-04-18,610.75
2013-04-19,618.25
2013-04-22,612
2013-04-23,604.75
2013-04-24,605.75
2013-04-25,611.5
2013-04-26,606.75
2013-04-29,646.75
2013-04-30,637
2013-05-01,633.75
2013-05-02,649
2013-05-03,648.25
2013-05-06,623.5
2013-05-07,627
2013-05-08,620
2013-05-09,635.75
2013-05-10,623.25
2013-05-13,642.5
2013-05-14,639.5
2013-05-15,637.75
2013-05-16,628.5
2013-05-17,639.75
2013-05-20,636.5
2013-05-21,627
2013-05-22,645.5
2013-05-23,649
2013-05-24,644.25
2013-05-28,653.5
2013-05-29,652
2013-05-30,641.25
2013-05-31,649
2013-06-03,642.75
2013-06-04,647.5
2013-06-05,647.75
2013-06-06,650.25
2013-06-07,653.25
2013-06-10,637
2013-06-11,646.5
2013-06-12,637.75
2013-06-13,630.5
2013-06-14,642
2013-06-17,655.5
2013-06-18,660.25
2013-06-19,669.25
2013-06-20,660.25
2013-06-21,648.75
2013-06-24,640.25
2013-06-25,643.75
2013-06-26,641.25
2013-06-27,639.5
2013-06-28,614.5
2013-07-01,598.75
2013-07-02,600.25
2013-07-03,599.5
2013-07-05,593
2013-07-08,600.5
2013-07-09,619
2013-07-10,621
2013-07-11,628
2013-07-12,612.75
2013-07-15,603.5
2013-07-16,612.5
2013-07-17,605.75
2013-07-18,608.25
2013-07-19,611.25
2013-07-22,608
2013-07-23,589.75
2013-07-24,575.5
2013-07-25,563.25
2013-07-26,559.25
2013-07-29,556.5
2013-07-30,562.75
2013-07-31,566.25
2013-08-01,554.75
2013-08-02,543.25
2013-08-05,536.5
2013-08-06,539.5
2013-08-07,535.5
2013-08-08,540.75
2013-08-09,533
2013-08-12,539.25
2013-08-13,522.5
2013-08-14,532
2013-08-15,548.75
2013-08-16,541
2013-08-19,560.5
2013-08-20,551
2013-08-21,565.25
2013-08-22,554.75
2013-08-23,562.75
2013-08-26,583
2013-08-27,567
2013-08-28,561.5
2013-08-29,562.25
2013-08-30,562.75
2013-09-03,556
2013-09-04,550.25
2013-09-05,541.75
2013-09-06,549
2013-09-09,544.25
2013-09-10,549.75
2013-09-11,553.25
2013-09-12,547
2013-09-13,539.75
2013-09-16,537.25
2013-09-17,534.75
2013-09-18,537
2013-09-19,540.25
2013-09-20,531.75
2013-09-23,534
2013-09-24,529.5
2013-09-25,535.5
2013-09-26,537.5
2013-09-27,534.75
2013-09-30,522.25
2013-10-01,519.75
2013-10-02,519.75
2013-10-03,520
2013-10-04,524
2013-10-07,530
2013-10-08,522.5
2013-10-09,524.25
2013-10-10,519
2013-10-11,514
2013-10-14,517.75
2013-10-15,524.25
2013-10-16,523.5
2013-10-17,523.75
2013-10-18,522.25
2013-10-21,524.75
2013-10-22,519
2013-10-23,523.5
2013-10-24,521
2013-10-25,520.75
2013-10-28,511.5
2013-10-29,512.75
2013-10-30,511
2013-10-31,509
2013-11-01,508
2013-11-04,507
2013-11-05,505.75
2013-11-06,502
2013-11-07,501.25
2013-11-08,507.5
2013-11-11,515.5
2013-11-12,513
2013-11-13,510.5
2013-11-14,507.25
2013-11-15,502.75
2013-11-18,492.75
2013-11-19,498.5
2013-11-20,497.75
2013-11-21,503.75
2013-11-22,503
2013-11-25,505.5
2013-11-26,499.25
2013-11-27,501
2013-11-29,499
2013-12-02,499
2013-12-03,505.75
2013-12-04,511
2013-12-05,508
2013-12-06,508.75
2013-12-09,512.5
2013-12-10,510.5
2013-12-11,513.75
2013-12-12,508.75
2013-12-13,500
2013-12-16,497.75
2013-12-17,501.25
2013-12-18,499.5
2013-12-19,505
2013-12-20,507.75
2013-12-23,508.75
2013-12-24,509
2013-12-26,500.75
2013-12-27,502
2013-12-30,498
2013-12-31,496.5
2014-01-02,495
2014-01-03,498
2014-01-06,502.25
2014-01-07,500.5
2014-01-08,491.5
2014-01-09,486.5
2014-01-10,507.25
2014-01-13,509
2014-01-14,506
2014-01-15,500.25
2014-01-16,502.5
2014-01-17,498.5
2014-01-21,499.5
2014-01-22,500.75
2014-01-23,503.5
2014-01-24,504
2014-01-27,506.25
2014-01-28,506.5
2014-01-29,502
2014-01-30,508
2014-01-31,508.5
2014-02-03,510.25
2014-02-04,516.25
2014-02-05,517.75
2014-02-06,517.5
2014-02-07,518.75
2014-02-10,517.5
2014-02-11,516
2014-02-12,514.5
2014-02-13,515
2014-02-14,519.75
2014-02-18,524
2014-02-19,528.25
2014-02-20,530.25
2014-02-21,527.5
2014-02-24,526
2014-02-25,530.25
2014-02-26,530
2014-02-27,523.5
2014-02-28,532.5
2014-03-03,539.5
2014-03-04,553.25
2014-03-05,551
2014-03-06,560
2014-03-07,558
2014-03-10,547.25
2014-03-11,552.25
2014-03-12,557.5
2014-03-13,554
2014-03-14,555
2014-03-17,548
2014-03-18,555.25
2014-03-19,556.75
2014-03-20,547.5
2014-03-21,548
2014-03-24,559
2014-03-25,555.5
2014-03-26,553.5
2014-03-27,561
2014-03-28,561
2014-03-31,571
2014-04-01,576.5
2014-04-02,564.75
2014-04-03,569
2014-04-04,570.75
2014-04-07,568.25
2014-04-08,576
2014-04-09,571.25
2014-04-10,570.25
2014-04-11,567.5
2014-04-14,572
2014-04-15,572.75
2014-04-16,566.5
2014-04-17,563.75
2014-04-21,557.5
2014-04-22,565.25
2014-04-23,572.5
2014-04-24,570.25
2014-04-25,576
2014-04-28,577
2014-04-29,584.75
2014-04-30,582.25
2014-05-01,570.25
2014-05-02,562.75
2014-05-05,571.25
2014-05-06,580.75
2014-05-07,577.25
2014-05-08,579.75
2014-05-09,570.75
2014-05-12,562.75
2014-05-13,566
2014-05-14,558.75
2014-05-15,547.5
2014-05-16,546.75
2014-05-19,540.5
2014-05-20,536.75
2014-05-21,537.75
2014-05-22,540
2014-05-23,541.25
2014-05-27,533
2014-05-28,535.75
2014-05-29,532.75
2014-05-30,529
2014-06-02,528.75
2014-06-03,521.5
2014-06-04,519.5
2014-06-05,512.25
2014-06-06,522.25
2014-06-09,514.25
2014-06-10,508.75
2014-06-11,504.25
2014-06-12,507.25
2014-06-13,510.25
2014-06-16,504.25
2014-06-17,502
2014-06-18,504.75
2014-06-19,513.75
2014-06-20,516.5
2014-06-23,507.75
2014-06-24,506.25
2014-06-25,504.25
2014-06-26,507.5
2014-06-27,510.75
2014-06-30,487.25
2014-07-01,484.5
2014-07-02,480.75
2014-07-03,478
2014-07-07,469
2014-07-08,466.75
2014-07-09,459.75
2014-07-10,454.75
2014-07-11,446.75
2014-07-14,450
2014-07-15,442.5
2014-07-16,446.75
2014-07-17,448
2014-07-18,439.75
2014-07-21,432.5
2014-07-22,428.75
2014-07-23,431
2014-07-24,430
2014-07-25,431.5
2014-07-28,436.25
2014-07-29,430
2014-07-30,430.25
2014-07-31,425.5
2014-08-01,421
2014-08-04,427.25
2014-08-05,424.75
2014-08-06,431.75
2014-08-07,428
2014-08-08,420.25
2014-08-11,425.25
2014-08-12,427
2014-08-13,426.5
2014-08-14,430.5
2014-08-15,434.25
2014-08-18,429.25
2014-08-19,431
2014-08-20,428
2014-08-21,430.75
2014-08-22,434
2014-08-25,428.5
2014-08-26,424.5
2014-08-27,424.5
2014-08-28,428.75
2014-08-29,424.25
2014-09-02,423.25
2014-09-03,411.5
2014-09-04,406
2014-09-05,415.5
2014-09-08,407.75
2014-09-09,403.75
2014-09-10,405.25
2014-09-11,400.5
2014-09-12,398
2014-09-15,402.5
2014-09-16,403.25
2014-09-17,401.25
2014-09-18,397.75
2014-09-19,391
2014-09-22,389.75
2014-09-23,385
2014-09-24,389
2014-09-25,385.5
2014-09-26,382.5
2014-09-29,385.25
2014-09-30,380.25
2014-10-01,380.75
2014-10-02,382.25
2014-10-03,382.75
2014-10-06,392
2014-10-07,400
2014-10-08,402.75
2014-10-09,404.25
2014-10-10,393.5
2014-10-13,405.5
2014-10-14,416.5
2014-10-15,407
2014-10-16,411.75
2014-10-17,407.5
2014-10-20,407.75
2014-10-21,415.5
2014-10-22,412.5
2014-10-23,419.25
2014-10-24,412.5
2014-10-27,422.5
2014-10-28,424
2014-10-29,434.75
2014-10-30,433.5
2014-10-31,436.25
2014-11-03,433
2014-11-04,424
2014-11-05,429.75
2014-11-06,430.75
2014-11-07,427
2014-11-10,428.75
2014-11-11,433.25
2014-11-12,437.25
2014-11-13,445.75
2014-11-14,441.25
2014-11-17,437
2014-11-18,431.5
2014-11-19,422.75
2014-11-20,432.75
2014-11-21,432.25
2014-11-24,427
2014-11-25,433.75
2014-11-26,438
2014-11-28,435.25
2014-12-01,436.25
2014-12-02,427.75
2014-12-03,428.5
2014-12-04,436.25
2014-12-05,441.5
2014-12-08,436.75
2014-12-09,441.75
2014-12-10,440.25
2014-12-11,445
2014-12-12,454
2014-12-15,455
2014-12-16,452.5
2014-12-17,454.75
2014-12-18,457.5
2014-12-19,457
2014-12-22,458.25
2014-12-23,460.5
2014-12-24,454.75
2014-12-26,461.25
2014-12-29,459.25
2014-12-30,453
2014-12-31,443.5
2015-01-02,442.25
2015-01-05,452.5
2015-01-06,451.5
2015-01-07,442.75
2015-01-08,440.75
2015-01-09,446.75
2015-01-12,448.5
2015-01-13,432.25
2015-01-14,427.5
2015-01-15,426.5
2015-01-16,433.5
2015-01-20,436.75
2015-01-21,434.5
2015-01-22,430.25
2015-01-23,433.25
2015-01-26,430.5
2015-01-27,427.75
2015-01-28,419.75
2015-01-29,418
2015-01-30,416.5
2015-02-02,416.25
2015-02-03,432.25
2015-02-04,430
2015-02-05,431.75
2015-02-06,432.25
2015-02-09,437.75
2015-02-10,434.5
2015-02-11,432.25
2015-02-12,429.5
2015-02-13,433.75
2015-02-17,436
2015-02-18,430.25
2015-02-19,436.25
2015-02-20,431.75
2015-02-23,425.25
2015-02-24,424
2015-02-25,422.25
2015-02-26,427
2015-02-27,431.75
2015-03-02,426.5
2015-03-03,429.5
2015-03-04,428
2015-03-05,429
2015-03-06,424.5
2015-03-09,427.25
2015-03-10,426.5
2015-03-11,429.5
2015-03-12,427
2015-03-13,419
2015-03-16,417.5
2015-03-17,409.5
2015-03-18,413.25
2015-03-19,412
2015-03-20,423.5
2015-03-23,428.75
2015-03-24,431.75
2015-03-25,433.5
2015-03-26,429.75
2015-03-27,429.5
2015-03-30,433
2015-03-31,414.75
2015-04-01,420.25
2015-04-02,425
2015-04-06,423.5
2015-04-07,421.5
2015-04-08,417.75
2015-04-09,416.5
2015-04-10,415.5
2015-04-13,409
2015-04-14,412
2015-04-15,414.5
2015-04-16,414.75
2015-04-17,418.25
2015-04-20,416.5
2015-04-21,411.5
2015-04-22,411
2015-04-23,409.25
2015-04-24,403
2015-04-27,399.25
2015-04-28,399
2015-04-29,402.25
2015-04-30,400.75
2015-05-01,397.5
2015-05-04,395.75
2015-05-05,397.25
2015-05-06,401.25
2015-05-07,396
2015-05-08,397.5
2015-05-11,395
2015-05-12,395.5
2015-05-13,396.75
2015-05-14,402.5
2015-05-15,400
2015-05-18,402.5
2015-05-19,396.5
2015-05-20,394.5
2015-05-21,399.5
2015-05-22,394.5
2015-05-26,389.5
2015-05-27,384
2015-05-28,388
2015-05-29,386
2015-06-01,386.75
2015-06-02,393.5
2015-06-03,393.5
2015-06-04,398
2015-06-05,395
2015-06-08,399.75
2015-06-09,399.5
2015-06-10,391.75
2015-06-11,391
2015-06-12,387.5
2015-06-15,382.75
2015-06-16,388.5
2015-06-17,393.75
2015-06-18,392.5
2015-06-19,387.75
2015-06-22,394.5
2015-06-23,402
2015-06-24,401
2015-06-25,411
2015-06-26,420.75
2015-06-29,420.25
2015-06-30,450.25
2015-07-01,450.75
2015-07-02,456.75
2015-07-06,454.75
2015-07-07,451.5
2015-07-08,452.75
2015-07-09,457
2015-07-10,463
2015-07-13,469
2015-07-14,456.5
2015-07-15,457.75
2015-07-16,458.25
2015-07-17,448.5
2015-07-20,433.25
2015-07-21,434.75
2015-07-22,431
2015-07-23,431.5
2015-07-24,420.75
2015-07-27,401.25
2015-07-28,403.25
2015-07-29,396
2015-07-30,401.5
2015-07-31,399.25
2015-08-03,394.75
2015-08-04,397
2015-08-05,401
2015-08-06,398
2015-08-07,401
2015-08-10,418.5
2015-08-11,404.75
2015-08-12,385.5
2015-08-13,392
2015-08-14,392.25
2015-08-17,391.5
2015-08-18,394.5
2015-08-19,395.5
2015-08-20,399.25
2015-08-21,393.5
2015-08-24,397
2015-08-25,393.75
2015-08-26,390
2015-08-27,391.75
2015-08-28,391.75
2015-08-31,392
2015-09-01,385.75
2015-09-02,384.25
2015-09-03,378.25
2015-09-04,379.75
2015-09-08,385
2015-09-09,385.75
2015-09-10,391
2015-09-11,403.75
2015-09-14,410.25
2015-09-15,407.25
2015-09-16,402.75
2015-09-17,396.5
2015-09-18,394
2015-09-21,401.25
2015-09-22,397.25
2015-09-23,400
2015-09-24,398.25
2015-09-25,405.75
2015-09-28,403.5
2015-09-29,405.75
2015-09-30,404.5
2015-10-01,405.5
2015-10-02,406
2015-10-05,410.25
2015-10-06,415
2015-10-07,412.5
2015-10-08,408
2015-10-09,399.5
2015-10-12,397.5
2015-10-13,401.25
2015-10-14,395.75
2015-10-15,392.25
2015-10-16,393.5
2015-10-19,389.75
2015-10-20,393.5
2015-10-21,397.5
2015-10-22,395
2015-10-23,396.5
2015-10-26,401.25
2015-10-27,396.75
2015-10-28,392.75
2015-10-29,396.75
2015-10-30,399
2015-11-02,393.25
2015-11-03,397.25
2015-11-04,397.25
2015-11-05,391.25
2015-11-06,389.75
2015-11-09,383.5
2015-11-10,375.75
2015-11-11,379
2015-11-12,378.75
2015-11-13,375
2015-11-16,376.75
2015-11-17,378.75
2015-11-18,378.5
2015-11-19,381
2015-11-20,380
2015-11-23,384
2015-11-24,381
2015-11-25,381.75
2015-11-27,377
2015-11-30,382
2015-12-01,383.5
2015-12-02,380
2015-12-03,386.75
2015-12-04,391.25
2015-12-07,382.75
2015-12-08,383.25
2015-12-09,383.5
2015-12-10,389
2015-12-11,385
2015-12-14,388.75
2015-12-15,387
2015-12-16,379.5
2015-12-17,384
2015-12-18,384.25
2015-12-21,381.75
2015-12-22,376
2015-12-23,375.25
2015-12-24,374.25
2015-12-28,370.75
2015-12-29,372.25
2015-12-30,368.75
2015-12-31,368.5
2016-01-04,361.25
2016-01-05,362.75
2016-01-06,363
2016-01-07,362.75
2016-01-08,366.75
2016-01-11,361.5
2016-01-12,366.5
2016-01-13,367.75
2016-01-14,367.75
2016-01-15,373
2016-01-19,377.5
2016-01-20,378.5
2016-01-21,376.75
2016-01-22,380
2016-01-25,379.5
2016-01-26,379
2016-01-27,379
2016-01-28,375.25
2016-01-29,381.75
2016-02-01,381
2016-02-02,382.25
2016-02-03,380.75
2016-02-04,378.25
2016-02-05,375.5
2016-02-08,372
2016-02-09,370.75
2016-02-10,370
2016-02-11,370
2016-02-12,368.5
2016-02-16,372.75
2016-02-17,377
2016-02-18,375.25
2016-02-19,375.25
2016-02-22,377.25
2016-02-23,371.75
2016-02-24,369.25
2016-02-25,365.5
2016-02-26,364.5
2016-02-29,362
2016-03-01,360.75
2016-03-02,361.25
2016-03-03,361.5
2016-03-04,363.25
2016-03-07,364
2016-03-08,365.5
2016-03-09,364.5
2016-03-10,367.75
2016-03-11,370
2016-03-14,373.75
2016-03-15,373.5
2016-03-16,373.25
2016-03-17,373.5
2016-03-18,372
2016-03-21,374.5
2016-03-22,375
2016-03-23,373.5
2016-03-24,375
2016-03-28,375.5
2016-03-29,378
2016-03-30,372
2016-03-31,356.5
2016-04-01,359
2016-04-04,359.5
2016-04-05,361.75
2016-04-06,363
2016-04-07,366.5
2016-04-08,367.25
2016-04-11,361.75
2016-04-12,367.75
2016-04-13,378.5
2016-04-14,379
2016-04-15,383.5
2016-04-18,386
2016-04-19,389.5
2016-04-20,399.75
2016-04-21,389.5
2016-04-22,376.75
2016-04-25,382
2016-04-26,387.25
2016-04-27,384.75
2016-04-28,391.25
2016-04-29,391.75
2016-05-02,391.75
2016-05-03,379.75
2016-05-04,376.75
2016-05-05,373.75
2016-05-06,377.5
2016-05-09,369
2016-05-10,381
2016-05-11,377.5
2016-05-12,389
2016-05-13,390.75
2016-05-16,394
2016-05-17,397
2016-05-18,399.5
2016-05-19,390
2016-05-20,394.5
2016-05-23,397.75
2016-05-24,397.5
2016-05-25,404.75
2016-05-26,408.25
2016-05-27,412.75
2016-05-31,404.75
2016-06-01,413.75
2016-06-02,415.25
2016-06-03,418.25
2016-06-06,427.25
2016-06-07,427.75
2016-06-08,431.25
2016-06-09,426.5
2016-06-10,424.25
